Entry	Reviewed	Entry Name	Protein names	Gene Names	Organism	Length	PDB	AlphaFoldDB	domainStart	domainStop	note	evidence
O00459	reviewed	P85B_HUMAN	Phosphatidylinositol 3-kinase regulatory subunit beta (PI3-kinase regulatory subunit beta) (PI3K regulatory subunit beta) (PtdIns-3-kinase regulatory subunit beta) (Phosphatidylinositol 3-kinase 85 kDa regulatory subunit beta) (PI3-kinase subunit p85-beta) (PtdIns-3-kinase regulatory subunit p85-beta)	PIK3R2	Homo sapiens (Human)	728	2KT1;2XS6;3MTT;3O5Z;6OX7;6U28;7RNU;	O00459;	330	425	SH2 1	ECO:0000255|PROSITE-ProRule:PRU00191
O00459	reviewed	P85B_HUMAN	Phosphatidylinositol 3-kinase regulatory subunit beta (PI3-kinase regulatory subunit beta) (PI3K regulatory subunit beta) (PtdIns-3-kinase regulatory subunit beta) (Phosphatidylinositol 3-kinase 85 kDa regulatory subunit beta) (PI3-kinase subunit p85-beta) (PtdIns-3-kinase regulatory subunit p85-beta)	PIK3R2	Homo sapiens (Human)	728	2KT1;2XS6;3MTT;3O5Z;6OX7;6U28;7RNU;	O00459;	622	716	SH2 2	ECO:0000255|PROSITE-ProRule:PRU00191
O00910	reviewed	STATA_DICDI	Signal transducer and activator of transcription A (Dd-STATa) (STAT5 homolog A)	dstA stat5 statA DDB_G0281381	Dictyostelium discoideum (Slime mold)	707	1UUR;1UUS;	O00910;	583	686	SH2	ECO:0000255|PROSITE-ProRule:PRU00191
O08908	reviewed	P85B_MOUSE	Phosphatidylinositol 3-kinase regulatory subunit beta (PI3-kinase regulatory subunit beta) (PI3K regulatory subunit beta) (PtdIns-3-kinase regulatory subunit beta) (Phosphatidylinositol 3-kinase 85 kDa regulatory subunit beta) (PI3-kinase subunit p85-beta) (PtdIns-3-kinase regulatory subunit p85-beta)	Pik3r2	Mus musculus (Mouse)	722	2Y3A;	O08908;	324	419	SH2 1	ECO:0000255|PROSITE-ProRule:PRU00191
O08908	reviewed	P85B_MOUSE	Phosphatidylinositol 3-kinase regulatory subunit beta (PI3-kinase regulatory subunit beta) (PI3K regulatory subunit beta) (PtdIns-3-kinase regulatory subunit beta) (Phosphatidylinositol 3-kinase 85 kDa regulatory subunit beta) (PI3-kinase subunit p85-beta) (PtdIns-3-kinase regulatory subunit p85-beta)	Pik3r2	Mus musculus (Mouse)	722	2Y3A;	O08908;	616	710	SH2 2	ECO:0000255|PROSITE-ProRule:PRU00191
O09039	reviewed	SH2B3_MOUSE	SH2B adapter protein 3 (Lymphocyte adapter protein) (Lymphocyte-specific adapter protein Lnk) (Signal transduction protein Lnk)	Sh2b3 Lnk	Mus musculus (Mouse)	548	7R8W;7R8X;	O09039;	336	434	SH2	ECO:0000255|PROSITE-ProRule:PRU00191
O14492	reviewed	SH2B2_HUMAN	SH2B adapter protein 2 (Adapter protein with pleckstrin homology and Src homology 2 domains) (SH2 and PH domain-containing adapter protein APS)	SH2B2 APS	Homo sapiens (Human)	632	1Q2H;	O14492;	417	515	SH2	ECO:0000255|PROSITE-ProRule:PRU00191, ECO:0000305
O14508	reviewed	SOCS2_HUMAN	Suppressor of cytokine signaling 2 (SOCS-2) (Cytokine-inducible SH2 protein 2) (CIS-2) (STAT-induced STAT inhibitor 2) (SSI-2)	SOCS2 CIS2 SSI2 STATI2	Homo sapiens (Human)	198	2C9W;4JGH;5BO4;6I4X;6I5J;6I5N;7M6T;	O14508;	48	156	SH2	ECO:0000255|PROSITE-ProRule:PRU00191
O14544	reviewed	SOCS6_HUMAN	Suppressor of cytokine signaling 6 (SOCS-6) (Cytokine-inducible SH2 protein 4) (CIS-4) (Suppressor of cytokine signaling 4) (SOCS-4)	SOCS6 CIS4 SOCS4	Homo sapiens (Human)	535	2VIF;	O14544;	384	491	SH2	ECO:0000255|PROSITE-ProRule:PRU00191
O14796	reviewed	SH21B_HUMAN	SH2 domain-containing protein 1B (EWS/FLI1-activated transcript 2) (EAT-2)	SH2D1B EAT2	Homo sapiens (Human)	132	5KAZ;	O14796;	5	101	SH2	ECO:0000255|PROSITE-ProRule:PRU00191
O15357	reviewed	SHIP2_HUMAN	Phosphatidylinositol 3,4,5-trisphosphate 5-phosphatase 2 (EC 3.1.3.86) (Inositol polyphosphate phosphatase-like protein 1) (INPPL-1) (Protein 51C) (SH2 domain-containing inositol 5'-phosphatase 2) (SH2 domain-containing inositol phosphatase 2) (SHIP-2)	INPPL1 SHIP2	Homo sapiens (Human)	1258	2K4P;2KSO;2MK2;3NR8;4A9C;5OKM;5OKN;5OKO;5OKP;6SQU;6SRR;	O15357;	21	117	SH2	ECO:0000255|PROSITE-ProRule:PRU00191
O35324	reviewed	SH21B_MOUSE	SH2 domain-containing protein 1B (EWS/FLI1-activated transcript 2) (EAT-2)	Sh2d1b Eat2 Eat2a Sh2d1b1	Mus musculus (Mouse)	132	1I3Z;	O35324;	5	101	SH2	ECO:0000255|PROSITE-ProRule:PRU00191
O35718	reviewed	SOCS3_MOUSE	Suppressor of cytokine signaling 3 (SOCS-3) (Cytokine-inducible SH2 protein 3) (CIS-3) (Protein EF-10)	Socs3 Cis3 Cish3	Mus musculus (Mouse)	225	2BBU;2HMH;2JZ3;4GL9;	O35718;	46	142	SH2	ECO:0000255|PROSITE-ProRule:PRU00191
O43639	reviewed	NCK2_HUMAN	Cytoplasmic protein NCK2 (Growth factor receptor-bound protein 4) (NCK adaptor protein 2) (Nck-2) (SH2/SH3 adaptor protein NCK-beta)	NCK2 GRB4	Homo sapiens (Human)	380	1U5S;1WX6;1Z3K;2B86;2CIA;2FRW;2FRY;2JXB;4E6R;	O43639;	285	380	SH2	ECO:0000255|PROSITE-ProRule:PRU00191
O54928	reviewed	SOCS5_MOUSE	Suppressor of cytokine signaling 5 (SOCS-5) (Cytokine-inducible SH2-containing protein 5)	Socs5 Cish5	Mus musculus (Mouse)	536	2N34;	O54928;	381	476	SH2	ECO:0000255|PROSITE-ProRule:PRU00191
O60674	reviewed	JAK2_HUMAN	Tyrosine-protein kinase JAK2 (EC 2.7.10.2) (Janus kinase 2) (JAK-2)	JAK2	Homo sapiens (Human)	1132	2B7A;2W1I;2XA4;3E62;3E63;3E64;3FUP;3IO7;3IOK;3JY9;3KCK;3KRR;3LPB;3Q32;3RVG;3TJC;3TJD;3UGC;3ZMM;4AQC;4BBE;4BBF;4C61;4C62;4D0W;4D0X;4D1S;4E4M;4E6D;4E6Q;4F08;4F09;4FVP;4FVQ;4FVR;4GFM;4GMY;4HGE;4IVA;4JI9;4JIA;4P7E;4YTC;4YTF;4YTH;4YTI;4Z32;4ZIM;5AEP;5CF4;5CF5;5CF6;5CF8;5HEZ;5I4N;5L3A;5TQ3;5TQ4;5TQ5;5TQ6;5TQ7;5TQ8;5USY;5USZ;5UT0;5UT1;5UT2;5UT3;5UT4;5UT5;5UT6;5WEV;5WIJ;5WIK;5WIL;5WIM;5WIN;6AAJ;6BBV;6BRW;6BS0;6BSS;6D2I;6DRW;6E2P;6E2Q;6G3C;6M9H;6OAV;6OBB;6OBF;6OBL;6OCC;6TPD;6VGL;6VN8;6VNB;6VNC;6VNE;6VNF;6VNG;6VNH;6VNI;6VNJ;6VNK;6VNL;6VNM;6VS3;6VSN;6WTN;6WTO;6WTP;6WTQ;6X8E;6XJK;7F7W;7JYO;7JYQ;7LL4;7LL5;7Q7I;7Q7K;7Q7L;7Q7W;7REE;7RN6;	O60674;	401	482	SH2; atypical	ECO:0000255|PROSITE-ProRule:PRU00191
O60880	reviewed	SH21A_HUMAN	SH2 domain-containing protein 1A (Duncan disease SH2-protein) (Signaling lymphocytic activation molecule-associated protein) (SLAM-associated protein) (T-cell signal transduction molecule SAP)	SH2D1A DSHP SAP	Homo sapiens (Human)	128	1D1Z;1D4T;1D4W;1KA6;1KA7;1M27;	O60880;	6	104	SH2	ECO:0000255|PROSITE-ProRule:PRU00191
O75791	reviewed	GRAP2_HUMAN	GRB2-related adapter protein 2 (Adapter protein GRID) (GRB-2-like protein) (GRB2L) (GRBLG) (GRBX) (Grf40 adapter protein) (Grf-40) (Growth factor receptor-binding protein) (Hematopoietic cell-associated adapter protein GrpL) (P38) (Protein GADS) (SH3-SH2-SH3 adapter Mona)	GRAP2 GADS GRB2L GRID	Homo sapiens (Human)	330	5GJH;	O75791;	58	149	SH2	ECO:0000255|PROSITE-ProRule:PRU00191
O75815	reviewed	BCAR3_HUMAN	Breast cancer anti-estrogen resistance protein 3 (Novel SH2-containing protein 2) (SH2 domain-containing protein 3B)	BCAR3 NSP2 SH2D3B UNQ271/PRO308	Homo sapiens (Human)	825	3T6A;	O75815;	154	253	SH2	ECO:0000255|PROSITE-ProRule:PRU00191
O89100	reviewed	GRAP2_MOUSE	GRB2-related adaptor protein 2 (Adapter protein GRID) (GADS protein) (GRB-2-like protein) (GRB2L) (GRB-2-related monocytic adapter protein) (MONA) (Monocytic adapter) (GRBLG) (Growth factor receptor-binding protein) (Hematopoietic cell-associated adaptor protein GrpL)	Grap2 Gads Grb2l Grid Mona	Mus musculus (Mouse)	322	1H3H;1OEB;1R1P;1R1Q;1R1S;1UTI;2D0N;2W10;	O89100;	58	149	SH2	ECO:0000255|PROSITE-ProRule:PRU00191
P00519	reviewed	ABL1_HUMAN	Tyrosine-protein kinase ABL1 (EC 2.7.10.2) (Abelson murine leukemia viral oncogene homolog 1) (Abelson tyrosine-protein kinase 1) (Proto-oncogene c-Abl) (p150)	ABL1 ABL JTK7	Homo sapiens (Human)	1130	1AB2;1AWO;1BBZ;1JU5;1OPL;1ZZP;2ABL;2E2B;2F4J;2FO0;2G1T;2G2F;2G2H;2G2I;2GQG;2HIW;2HYY;2HZ0;2HZ4;2HZI;2O88;2V7A;3CS9;3EG0;3EG1;3EG2;3EG3;3EGU;3K2M;3PYY;3QRI;3QRJ;3QRK;3T04;3UE4;3UYO;4J9B;4J9C;4J9D;4J9E;4J9F;4J9G;4J9H;4J9I;4JJB;4JJC;4JJD;4TWP;4WA9;4XEY;4YC8;4ZOG;5DC0;5DC4;5DC9;5HU9;5MO4;5NP2;5OAZ;6AMV;6AMW;6BL8;6NPE;6NPU;6NPV;6XR6;6XR7;6XRG;7CC2;7DT2;	P00519;	127	217	SH2	ECO:0000255|PROSITE-ProRule:PRU00191
P00520	reviewed	ABL1_MOUSE	Tyrosine-protein kinase ABL1 (EC 2.7.10.2) (Abelson murine leukemia viral oncogene homolog 1) (Abelson tyrosine-protein kinase 1) (Proto-oncogene c-Abl) (p150)	Abl1 Abl	Mus musculus (Mouse)	1123	1ABO;1ABQ;1FPU;1IEP;1M52;1OPJ;1OPK;2HZN;2QOH;2Z60;3DK3;3DK6;3DK7;3IK3;3K5V;3KF4;3KFA;3MS9;3MSS;3OXZ;3OY3;5IH2;6HD4;6HD6;	P00520;	127	217	SH2	ECO:0000255|PROSITE-ProRule:PRU00191
P00523	reviewed	SRC_CHICK	Proto-oncogene tyrosine-protein kinase Src (EC 2.7.10.2) (Proto-oncogene c-Src) (pp60c-src) (p60-Src)	SRC	Gallus gallus (Chicken)	533	1F1W;1F2F;1NLO;1NLP;1P13;1PRL;1PRM;1RLP;1RLQ;1SRL;1SRM;2HWO;2HWP;2OIQ;2PTK;2QI8;2QLQ;2QQ7;3D7T;3D7U;3DQW;3DQX;3EL7;3EL8;3EN4;3EN5;3EN6;3EN7;3F3T;3F3U;3F3V;3F3W;3F6X;3FJ5;3G5D;3G6G;3G6H;3GEQ;3LOK;3OEZ;3OF0;3QLF;3QLG;3SVV;3TZ7;3TZ8;3TZ9;3U4W;3U51;3UQF;3UQG;4AGW;4DGG;4FIC;4HVU;4HVV;4HVW;4JZ3;4JZ4;4LE9;4LGG;4LGH;4MCV;4O2P;4OML;4OMM;4OMN;4OMO;4OMP;4OMQ;4QT7;4RTU;4RTV;4RTW;4RTX;4RTY;4RTZ;4U5J;4YBJ;4YBK;5BMM;5D10;5D11;5D12;5EC7;5ECA;5I11;5J5S;5K9I;5OAV;5OB0;5OB1;5OB2;5SWH;5SYS;5T0P;5TEH;5XP5;5XP7;6HVE;6HVF;6L8L;6WIW;6XVM;6XVN;6XVO;6XX2;6XX3;6XX4;6XX5;7A30;7A31;7A32;7A33;7A34;7A35;7A36;7A37;7A38;7A39;7A3A;7A3B;7A3C;7A3D;7A3E;7AH3;7D57;7D5O;7NER;7NES;7NET;7WF5;	P00523;	148	245	SH2	ECO:0000255|PROSITE-ProRule:PRU00191
P05480	reviewed	SRC_MOUSE	Proto-oncogene tyrosine-protein kinase Src (EC 2.7.10.2) (Proto-oncogene c-Src) (pp60c-src) (p60-Src)	Src	Mus musculus (Mouse)	535	6F3F;	P05480;	150	247	SH2	ECO:0000255|PROSITE-ProRule:PRU00191
P06239	reviewed	LCK_HUMAN	Tyrosine-protein kinase Lck (EC 2.7.10.2) (Leukocyte C-terminal Src kinase) (LSK) (Lymphocyte cell-specific protein-tyrosine kinase) (Protein YT16) (Proto-oncogene Lck) (T cell-specific protein-tyrosine kinase) (p56-LCK)	LCK	Homo sapiens (Human)	509	1BHF;1BHH;1CWD;1CWE;1FBZ;1H92;1IJR;1KIK;1LCJ;1LCK;1LKK;1LKL;1Q68;1Q69;1QPC;1QPD;1QPE;1QPJ;1X27;2IIM;2OF2;2OF4;2OFU;2OFV;2OG8;2PL0;2ZM1;2ZM4;2ZYB;3AC1;3AC2;3AC3;3AC4;3AC5;3AC8;3ACJ;3ACK;3AD4;3AD5;3AD6;3B2W;3BRH;3BYM;3BYO;3BYS;3BYU;3KMM;3KXZ;3LCK;3MPM;4C3F;4D8K;5MTM;5MTN;6H6A;6PDJ;	P06239;	127	224	SH2	ECO:0000255|PROSITE-ProRule:PRU00191
P06241	reviewed	FYN_HUMAN	Tyrosine-protein kinase Fyn (EC 2.7.10.2) (Proto-oncogene Syn) (Proto-oncogene c-Fyn) (Src-like kinase) (SLK) (p59-Fyn)	FYN	Homo sapiens (Human)	537	1A0N;1AOT;1AOU;1AVZ;1AZG;1EFN;1FYN;1G83;1M27;1NYF;1NYG;1SHF;1ZBJ;2DQ7;2MQI;2MRJ;2MRK;3H0F;3H0H;3H0I;3UA6;3UA7;4D8D;4EIK;4U17;4U1P;4ZNX;5ZAU;6EDF;6IPY;6IPZ;7A2J;7A2K;7A2L;7A2M;7A2N;7A2O;7A2P;7A2Q;7A2R;7A2S;7A2T;7A2U;7A2V;7A2W;7A2X;7A2Y;7A2Z;	P06241;	149	246	SH2	ECO:0000255|PROSITE-ProRule:PRU00191
P07332	reviewed	FES_HUMAN	Tyrosine-protein kinase Fes/Fps (EC 2.7.10.2) (Feline sarcoma/Fujinami avian sarcoma oncogene homolog) (Proto-oncogene c-Fes) (Proto-oncogene c-Fps) (p93c-fes)	FES FPS	Homo sapiens (Human)	822	1WQU;2DCR;3BKB;3CBL;3CD3;4DYL;4E93;6JMF;	P07332;	460	549	SH2	ECO:0000255|PROSITE-ProRule:PRU00191
P07947	reviewed	YES_HUMAN	Tyrosine-protein kinase Yes (EC 2.7.10.2) (Proto-oncogene c-Yes) (p61-Yes)	YES1 YES	Homo sapiens (Human)	543	2HDA;	P07947;	158	255	SH2	ECO:0000255|PROSITE-ProRule:PRU00191
P07948	reviewed	LYN_HUMAN	Tyrosine-protein kinase Lyn (EC 2.7.10.2) (Lck/Yes-related novel protein tyrosine kinase) (V-yes-1 Yamaguchi sarcoma viral related oncogene homolog) (p53Lyn) (p56Lyn)	LYN JTK8	Homo sapiens (Human)	512	1W1F;1WA7;3A4O;5XY1;6NMW;	P07948;	129	226	SH2	ECO:0000255|PROSITE-ProRule:PRU00191
P08487	reviewed	PLCG1_BOVIN	1-phosphatidylinositol 4,5-bisphosphate phosphodiesterase gamma-1 (EC 3.1.4.11) (PLC-148) (Phosphoinositide phospholipase C-gamma-1) (Phospholipase C-II) (PLC-II) (Phospholipase C-gamma-1) (PLC-gamma-1)	PLCG1	Bos taurus (Bovine)	1291	2FCI;2PLD;2PLE;5TNW;5TO4;5TQ1;5TQS;	P08487;	550	657	SH2 1	ECO:0000255|PROSITE-ProRule:PRU00191
P08487	reviewed	PLCG1_BOVIN	1-phosphatidylinositol 4,5-bisphosphate phosphodiesterase gamma-1 (EC 3.1.4.11) (PLC-148) (Phosphoinositide phospholipase C-gamma-1) (Phospholipase C-II) (PLC-II) (Phospholipase C-gamma-1) (PLC-gamma-1)	PLCG1	Bos taurus (Bovine)	1291	2FCI;2PLD;2PLE;5TNW;5TO4;5TQ1;5TQS;	P08487;	668	756	SH2 2	ECO:0000255|PROSITE-ProRule:PRU00191
P08631	reviewed	HCK_HUMAN	Tyrosine-protein kinase HCK (EC 2.7.10.2) (Hematopoietic cell kinase) (Hemopoietic cell kinase) (p59-HCK/p60-HCK) (p59Hck) (p61Hck)	HCK	Homo sapiens (Human)	526	1AD5;1BU1;1QCF;2C0I;2C0O;2C0T;2HCK;2HK5;2OI3;2OJ2;3HCK;3NHN;3RBB;3REA;3REB;3VRY;3VRZ;3VS0;3VS1;3VS2;3VS3;3VS4;3VS5;3VS6;3VS7;4HCK;4LUD;4LUE;4ORZ;4U5W;5H09;5H0B;5H0E;5H0G;5H0H;5HCK;5NUH;5ZJ6;	P08631;	144	241	SH2	ECO:0000255|PROSITE-ProRule:PRU00191
P09769	reviewed	FGR_HUMAN	Tyrosine-protein kinase Fgr (EC 2.7.10.2) (Gardner-Rasheed feline sarcoma viral (v-fgr) oncogene homolog) (Proto-oncogene c-Fgr) (p55-Fgr) (p58-Fgr) (p58c-Fgr)	FGR SRC2	Homo sapiens (Human)	529	7JT9;	P09769;	144	241	SH2	ECO:0000255|PROSITE-ProRule:PRU00191
P10686	reviewed	PLCG1_RAT	1-phosphatidylinositol 4,5-bisphosphate phosphodiesterase gamma-1 (EC 3.1.4.11) (Phosphoinositide phospholipase C-gamma-1) (Phospholipase C-gamma-1) (PLC-gamma-1)	Plcg1	Rattus norvegicus (Rat)	1290	1Y0M;1YWO;1YWP;2FJL;3GQI;4K44;4K45;5EG3;6PBC;	P10686;	550	657	SH2 1	ECO:0000255|PROSITE-ProRule:PRU00191
P10686	reviewed	PLCG1_RAT	1-phosphatidylinositol 4,5-bisphosphate phosphodiesterase gamma-1 (EC 3.1.4.11) (Phosphoinositide phospholipase C-gamma-1) (Phospholipase C-gamma-1) (PLC-gamma-1)	Plcg1	Rattus norvegicus (Rat)	1290	1Y0M;1YWO;1YWP;2FJL;3GQI;4K44;4K45;5EG3;6PBC;	P10686;	668	756	SH2 2	ECO:0000255|PROSITE-ProRule:PRU00191
P12931	reviewed	SRC_HUMAN	Proto-oncogene tyrosine-protein kinase Src (EC 2.7.10.2) (Proto-oncogene c-Src) (pp60c-src) (p60-Src)	SRC SRC1	Homo sapiens (Human)	536	1A07;1A08;1A09;1A1A;1A1B;1A1C;1A1E;1FMK;1HCS;1HCT;1KSW;1O41;1O42;1O43;1O44;1O45;1O46;1O47;1O48;1O49;1O4A;1O4B;1O4C;1O4D;1O4E;1O4F;1O4G;1O4H;1O4I;1O4J;1O4K;1O4L;1O4M;1O4N;1O4O;1O4P;1O4Q;1O4R;1SHD;1Y57;1YI6;1YOJ;1YOL;1YOM;2BDF;2BDJ;2H8H;2SRC;3VRO;3ZMP;3ZMQ;4F59;4F5A;4F5B;4HXJ;4K11;4MXO;4MXX;4MXY;4MXZ;6ATE;6C4S;6E6E;6EHJ;7NG7;	P12931;	151	248	SH2	ECO:0000255|PROSITE-ProRule:PRU00191
P15498	reviewed	VAV_HUMAN	Proto-oncogene vav	VAV1 VAV	Homo sapiens (Human)	845	2CRH;2LCT;2MC1;2ROR;3BJI;3KY9;6NEW;6NF1;6NFA;	P15498;	671	765	SH2	ECO:0000255|PROSITE-ProRule:PRU00191
P15882	reviewed	CHIN_HUMAN	N-chimaerin (A-chimaerin) (Alpha-chimerin) (N-chimerin) (NC) (Rho GTPase-activating protein 2)	CHN1 ARHGAP2 CHN	Homo sapiens (Human)	459	2OSA;3CXL;	P15882;	49	135	SH2	ECO:0000255|PROSITE-ProRule:PRU00191
P16277	reviewed	BLK_MOUSE	Tyrosine-protein kinase Blk (EC 2.7.10.2) (B lymphocyte kinase) (p55-Blk)	Blk	Mus musculus (Mouse)	499	1BLJ;1BLK;	P16277;	118	214	SH2	ECO:0000255|PROSITE-ProRule:PRU00191
P16333	reviewed	NCK1_HUMAN	Cytoplasmic protein NCK1 (NCK adaptor protein 1) (Nck-1) (SH2/SH3 adaptor protein NCK-alpha)	NCK1 NCK	Homo sapiens (Human)	377	2CI8;2CI9;2CUB;2JS0;2JS2;2JW4;5QU1;5QU2;5QU3;5QU4;5QU5;5QU6;5QU7;5QU8;5QUA;	P16333;	282	376	SH2	ECO:0000255|PROSITE-ProRule:PRU00191
P16591	reviewed	FER_HUMAN	Tyrosine-protein kinase Fer (EC 2.7.10.2) (Feline encephalitis virus-related kinase FER) (Fujinami poultry sarcoma/Feline sarcoma-related protein Fer) (Proto-oncogene c-Fer) (Tyrosine kinase 3) (p94-Fer)	FER TYK3	Homo sapiens (Human)	822	2KK6;6KC4;	P16591;	460	550	SH2	ECO:0000255|PROSITE-ProRule:PRU00191
P16885	reviewed	PLCG2_HUMAN	1-phosphatidylinositol 4,5-bisphosphate phosphodiesterase gamma-2 (EC 3.1.4.11) (Phosphoinositide phospholipase C-gamma-2) (Phospholipase C-IV) (PLC-IV) (Phospholipase C-gamma-2) (PLC-gamma-2)	PLCG2	Homo sapiens (Human)	1265	2K2J;2W2W;2W2X;	P16885;	532	635	SH2 1	ECO:0000255|PROSITE-ProRule:PRU00191
P16885	reviewed	PLCG2_HUMAN	1-phosphatidylinositol 4,5-bisphosphate phosphodiesterase gamma-2 (EC 3.1.4.11) (Phosphoinositide phospholipase C-gamma-2) (Phospholipase C-IV) (PLC-IV) (Phospholipase C-gamma-2) (PLC-gamma-2)	PLCG2	Homo sapiens (Human)	1265	2K2J;2W2W;2W2X;	P16885;	646	735	SH2 2	ECO:0000255|PROSITE-ProRule:PRU00191
P19174	reviewed	PLCG1_HUMAN	1-phosphatidylinositol 4,5-bisphosphate phosphodiesterase gamma-1 (EC 3.1.4.11) (PLC-148) (Phosphoinositide phospholipase C-gamma-1) (Phospholipase C-II) (PLC-II) (Phospholipase C-gamma-1) (PLC-gamma-1)	PLCG1 PLC1	Homo sapiens (Human)	1290	1HSQ;2HSP;4EY0;4FBN;7NXE;	P19174;	550	657	SH2 1	ECO:0000255|PROSITE-ProRule:PRU00191
P19174	reviewed	PLCG1_HUMAN	1-phosphatidylinositol 4,5-bisphosphate phosphodiesterase gamma-1 (EC 3.1.4.11) (PLC-148) (Phosphoinositide phospholipase C-gamma-1) (Phospholipase C-II) (PLC-II) (Phospholipase C-gamma-1) (PLC-gamma-1)	PLCG1 PLC1	Homo sapiens (Human)	1290	1HSQ;2HSP;4EY0;4FBN;7NXE;	P19174;	668	756	SH2 2	ECO:0000255|PROSITE-ProRule:PRU00191
P20936	reviewed	RASA1_HUMAN	Ras GTPase-activating protein 1 (GAP) (GTPase-activating protein) (RasGAP) (Ras p21 protein activator) (p120GAP)	RASA1 GAP RASA	Homo sapiens (Human)	1047	1WER;1WQ1;2GQI;2GSB;2J05;2J06;2M51;4FSS;6PXB;6PXC;6WAX;6WAY;	P20936;	181	272	SH2 1	ECO:0000255|PROSITE-ProRule:PRU00191
P20936	reviewed	RASA1_HUMAN	Ras GTPase-activating protein 1 (GAP) (GTPase-activating protein) (RasGAP) (Ras p21 protein activator) (p120GAP)	RASA1 GAP RASA	Homo sapiens (Human)	1047	1WER;1WQ1;2GQI;2GSB;2J05;2J06;2M51;4FSS;6PXB;6PXC;6WAX;6WAY;	P20936;	351	441	SH2 2	ECO:0000255|PROSITE-ProRule:PRU00191
P23458	reviewed	JAK1_HUMAN	Tyrosine-protein kinase JAK1 (EC 2.7.10.2) (Janus kinase 1) (JAK-1)	JAK1 JAK1A JAK1B	Homo sapiens (Human)	1154	3EYG;3EYH;4E4L;4E4N;4E5W;4EHZ;4EI4;4FK6;4GS0;4I5C;4IVB;4IVC;4IVD;4K6Z;4K77;4L00;4L01;5E1E;5HX8;5IXD;5IXI;5KHW;5KHX;5L04;5WO4;6AAH;6BBU;6C7Y;6DBN;6ELR;6GGH;6HZU;6N77;6N78;6N79;6N7A;6N7B;6N7C;6N7D;6RSB;6RSC;6RSD;6RSE;6RSH;6SM8;6SMB;6TPE;6TPF;6W8L;	P23458;	439	544	SH2	ECO:0000255|PROSITE-ProRule:PRU00191
P23615	reviewed	SPT6_YEAST	Transcription elongation factor SPT6 (Chromatin elongation factor SPT6)	SPT6 CRE2 SSN20 YGR116W G6169	Saccharomyces cerevisiae (strain ATCC 204508 / S288c) (Baker's yeast)	1451	2L3T;3OAK;3PSF;3PSI;3PSJ;3PSK;5VKL;5VKO;7O3D;	P23615;	1257	1354	SH2	ECO:0000255|PROSITE-ProRule:PRU00191
P23726	reviewed	P85B_BOVIN	Phosphatidylinositol 3-kinase regulatory subunit beta (PI3-kinase regulatory subunit beta) (PI3K regulatory subunit beta) (PtdIns-3-kinase regulatory subunit beta) (Phosphatidylinositol 3-kinase 85 kDa regulatory subunit beta) (PI3-kinase subunit p85-beta) (PtdIns-3-kinase regulatory subunit p85-beta)	PIK3R2	Bos taurus (Bovine)	724	3L4Q;	P23726;	326	421	SH2 1	ECO:0000255|PROSITE-ProRule:PRU00191
P23726	reviewed	P85B_BOVIN	Phosphatidylinositol 3-kinase regulatory subunit beta (PI3-kinase regulatory subunit beta) (PI3K regulatory subunit beta) (PtdIns-3-kinase regulatory subunit beta) (Phosphatidylinositol 3-kinase 85 kDa regulatory subunit beta) (PI3-kinase subunit p85-beta) (PtdIns-3-kinase regulatory subunit p85-beta)	PIK3R2	Bos taurus (Bovine)	724	3L4Q;	P23726;	618	712	SH2 2	ECO:0000255|PROSITE-ProRule:PRU00191
P23727	reviewed	P85A_BOVIN	Phosphatidylinositol 3-kinase regulatory subunit alpha (PI3-kinase regulatory subunit alpha) (PI3K regulatory subunit alpha) (PtdIns-3-kinase regulatory subunit alpha) (Phosphatidylinositol 3-kinase 85 kDa regulatory subunit alpha) (PI3-kinase subunit p85-alpha) (PtdIns-3-kinase regulatory subunit p85-alpha)	PIK3R1	Bos taurus (Bovine)	724	1BFI;1BFJ;1OO3;1OO4;1PNJ;1QAD;2PNA;2PNB;2PNI;5DXH;5DXU;5T8F;6D81;6D82;6D85;6D86;6D87;6G6W;6MRP;6OCO;6OCU;6R4R;7JIS;	P23727;	333	428	SH2 1	ECO:0000255|PROSITE-ProRule:PRU00191
P23727	reviewed	P85A_BOVIN	Phosphatidylinositol 3-kinase regulatory subunit alpha (PI3-kinase regulatory subunit alpha) (PI3K regulatory subunit alpha) (PtdIns-3-kinase regulatory subunit alpha) (Phosphatidylinositol 3-kinase 85 kDa regulatory subunit alpha) (PI3-kinase subunit p85-alpha) (PtdIns-3-kinase regulatory subunit p85-alpha)	PIK3R1	Bos taurus (Bovine)	724	1BFI;1BFJ;1OO3;1OO4;1PNJ;1QAD;2PNA;2PNB;2PNI;5DXH;5DXU;5T8F;6D81;6D82;6D85;6D86;6D87;6G6W;6MRP;6OCO;6OCU;6R4R;7JIS;	P23727;	624	718	SH2 2	ECO:0000255|PROSITE-ProRule:PRU00191
P24135	reviewed	PLCG2_RAT	1-phosphatidylinositol 4,5-bisphosphate phosphodiesterase gamma-2 (EC 3.1.4.11) (Phosphoinositide phospholipase C-gamma-2) (Phospholipase C-IV) (PLC-IV) (Phospholipase C-gamma-2) (PLC-gamma-2)	Plcg2	Rattus norvegicus (Rat)	1265	2EOB;	P24135;	532	635	SH2 1	ECO:0000255|PROSITE-ProRule:PRU00191
P24135	reviewed	PLCG2_RAT	1-phosphatidylinositol 4,5-bisphosphate phosphodiesterase gamma-2 (EC 3.1.4.11) (Phosphoinositide phospholipase C-gamma-2) (Phospholipase C-IV) (PLC-IV) (Phospholipase C-gamma-2) (PLC-gamma-2)	Plcg2	Rattus norvegicus (Rat)	1265	2EOB;	P24135;	646	735	SH2 2	ECO:0000255|PROSITE-ProRule:PRU00191
P24604	reviewed	TEC_MOUSE	Tyrosine-protein kinase Tec (EC 2.7.10.2)	Tec	Mus musculus (Mouse)	630	1GL5;	P24604;	246	344	SH2	ECO:0000255|PROSITE-ProRule:PRU00191
P25911	reviewed	LYN_MOUSE	Tyrosine-protein kinase Lyn (EC 2.7.10.2) (V-yes-1 Yamaguchi sarcoma viral related oncogene homolog) (p53Lyn) (p56Lyn)	Lyn	Mus musculus (Mouse)	512	2ZV7;2ZV8;2ZV9;2ZVA;4TZI;	P25911;	129	226	SH2	ECO:0000255|PROSITE-ProRule:PRU00191
P27870	reviewed	VAV_MOUSE	Proto-oncogene vav (p95vav)	Vav1 Vav	Mus musculus (Mouse)	845	1F5X;1GCP;1GCQ;1K1Z;2KBT;2VRW;	P27870;	671	765	SH2	ECO:0000255|PROSITE-ProRule:PRU00191
P27986	reviewed	P85A_HUMAN	Phosphatidylinositol 3-kinase regulatory subunit alpha (PI3-kinase regulatory subunit alpha) (PI3K regulatory subunit alpha) (PtdIns-3-kinase regulatory subunit alpha) (Phosphatidylinositol 3-kinase 85 kDa regulatory subunit alpha) (PI3-kinase subunit p85-alpha) (PtdIns-3-kinase regulatory subunit p85-alpha)	PIK3R1 GRB1	Homo sapiens (Human)	724	1A0N;1AZG;1H9O;1PBW;1PHT;1PIC;1PKS;1PKT;2IUG;2IUH;2IUI;2RD0;2V1Y;3HHM;3HIZ;3I5R;3I5S;4A55;4JPS;4L1B;4L23;4L2Y;4OVU;4OVV;4WAF;4YKN;4ZOP;5AUL;5FI4;5GJI;5ITD;5M6U;5SW8;5SWG;5SWO;5SWP;5SWR;5SWT;5SX8;5SX9;5SXA;5SXB;5SXC;5SXD;5SXE;5SXF;5SXI;5SXJ;5SXK;5UBT;5UK8;5UKJ;5UL1;5VLR;5XGH;5XGI;5XGJ;6NCT;6PYR;6PYU;7CIO;7LM2;7LQ1;7MYN;7MYO;7RNS;	P27986;	333	428	SH2 1	ECO:0000255|PROSITE-ProRule:PRU00191
P27986	reviewed	P85A_HUMAN	Phosphatidylinositol 3-kinase regulatory subunit alpha (PI3-kinase regulatory subunit alpha) (PI3K regulatory subunit alpha) (PtdIns-3-kinase regulatory subunit alpha) (Phosphatidylinositol 3-kinase 85 kDa regulatory subunit alpha) (PI3-kinase subunit p85-alpha) (PtdIns-3-kinase regulatory subunit p85-alpha)	PIK3R1 GRB1	Homo sapiens (Human)	724	1A0N;1AZG;1H9O;1PBW;1PHT;1PIC;1PKS;1PKT;2IUG;2IUH;2IUI;2RD0;2V1Y;3HHM;3HIZ;3I5R;3I5S;4A55;4JPS;4L1B;4L23;4L2Y;4OVU;4OVV;4WAF;4YKN;4ZOP;5AUL;5FI4;5GJI;5ITD;5M6U;5SW8;5SWG;5SWO;5SWP;5SWR;5SWT;5SX8;5SX9;5SXA;5SXB;5SXC;5SXD;5SXE;5SXF;5SXI;5SXJ;5SXK;5UBT;5UK8;5UKJ;5UL1;5VLR;5XGH;5XGI;5XGJ;6NCT;6PYR;6PYU;7CIO;7LM2;7LQ1;7MYN;7MYO;7RNS;	P27986;	624	718	SH2 2	ECO:0000255|PROSITE-ProRule:PRU00191
P29350	reviewed	PTN6_HUMAN	Tyrosine-protein phosphatase non-receptor type 6 (EC 3.1.3.48) (Hematopoietic cell protein-tyrosine phosphatase) (Protein-tyrosine phosphatase 1C) (PTP-1C) (Protein-tyrosine phosphatase SHP-1) (SH-PTP1)	PTPN6 HCP PTP1C	Homo sapiens (Human)	595	1FPR;1GWZ;1X6C;2B3O;2RMX;2YU7;3PS5;4GRY;4GRZ;4GS0;4HJP;4HJQ;6SM5;	P29350;	4	100	SH2 1	ECO:0000255|PROSITE-ProRule:PRU00191
P29350	reviewed	PTN6_HUMAN	Tyrosine-protein phosphatase non-receptor type 6 (EC 3.1.3.48) (Hematopoietic cell protein-tyrosine phosphatase) (Protein-tyrosine phosphatase 1C) (PTP-1C) (Protein-tyrosine phosphatase SHP-1) (SH-PTP1)	PTPN6 HCP PTP1C	Homo sapiens (Human)	595	1FPR;1GWZ;1X6C;2B3O;2RMX;2YU7;3PS5;4GRY;4GRZ;4GS0;4HJP;4HJQ;6SM5;	P29350;	110	213	SH2 2	ECO:0000255|PROSITE-ProRule:PRU00191
P29353	reviewed	SHC1_HUMAN	SHC-transforming protein 1 (SHC-transforming protein 3) (SHC-transforming protein A) (Src homology 2 domain-containing-transforming protein C1) (SH2 domain protein C1)	SHC1 SHC SHCA	Homo sapiens (Human)	583	1MIL;1N3H;1OY2;1QG1;1SHC;1TCE;2L1C;4JMH;4XWX;5CZI;6DM4;	P29353;	488	579	SH2	ECO:0000255|PROSITE-ProRule:PRU00191
P29355	reviewed	SEM5_CAEEL	Sex muscle abnormal protein 5	sem-5 C14F5.5	Caenorhabditis elegans	228	1K76;1KFZ;1SEM;2SEM;3SEM;	P29355;	60	152	SH2	ECO:0000255|PROSITE-ProRule:PRU00191
P29597	reviewed	TYK2_HUMAN	Non-receptor tyrosine-protein kinase TYK2 (EC 2.7.10.2)	TYK2	Homo sapiens (Human)	1187	3LXN;3LXP;3NYX;3NZ0;3ZON;4GFO;4GIH;4GII;4GJ2;4GJ3;4GVJ;4OLI;4PO6;4PY1;4WOV;5C01;5C03;5F1Z;5F20;5TKD;5WAL;6AAM;6DBK;6DBM;6NSL;6NZE;6NZF;6NZH;6NZP;6NZQ;6NZR;6OVA;6VNS;6VNV;6VNX;6VNY;6X8F;6X8G;7AX4;7K7O;7K7Q;	P29597;	450	529	SH2; atypical	
P32577	reviewed	CSK_RAT	Tyrosine-protein kinase CSK (EC 2.7.10.2) (C-Src kinase)	Csk	Rattus norvegicus (Rat)	450	1K9A;2RSY;	P32577;	82	171	SH2	ECO:0000255|PROSITE-ProRule:PRU00191
P35235	reviewed	PTN11_MOUSE	Tyrosine-protein phosphatase non-receptor type 11 (EC 3.1.3.48) (Protein-tyrosine phosphatase SYP) (SH-PTP2) (SHP-2) (Shp2)	Ptpn11	Mus musculus (Mouse)	593	1AYA;1AYB;1AYC;1AYD;	P35235;	6	102	SH2 1	ECO:0000255|PROSITE-ProRule:PRU00191
P35235	reviewed	PTN11_MOUSE	Tyrosine-protein phosphatase non-receptor type 11 (EC 3.1.3.48) (Protein-tyrosine phosphatase SYP) (SH-PTP2) (SHP-2) (Shp2)	Ptpn11	Mus musculus (Mouse)	593	1AYA;1AYB;1AYC;1AYD;	P35235;	112	216	SH2 2	ECO:0000255|PROSITE-ProRule:PRU00191
P35991	reviewed	BTK_MOUSE	Tyrosine-protein kinase BTK (EC 2.7.10.2) (Agammaglobulinemia tyrosine kinase) (ATK) (B-cell progenitor kinase) (BPK) (Bruton tyrosine kinase) (Kinase EMB)	Btk Bpk	Mus musculus (Mouse)	659	4XI2;	P35991;	281	377	SH2	ECO:0000255|PROSITE-ProRule:PRU00191
P39688	reviewed	FYN_MOUSE	Tyrosine-protein kinase Fyn (EC 2.7.10.2) (Proto-oncogene c-Fyn) (p59-Fyn)	Fyn	Mus musculus (Mouse)	537	3UF4;	P39688;	149	246	SH2	ECO:0000255|PROSITE-ProRule:PRU00191
P40763	reviewed	STAT3_HUMAN	Signal transducer and activator of transcription 3 (Acute-phase response factor)	STAT3 APRF	Homo sapiens (Human)	770	5AX3;5U5S;6NJS;6NUQ;6QHD;6TLC;	P40763;	580	670	SH2	ECO:0000255|PROSITE-ProRule:PRU00191
P41240	reviewed	CSK_HUMAN	Tyrosine-protein kinase CSK (EC 2.7.10.2) (C-Src kinase) (Protein-tyrosine kinase CYL)	CSK	Homo sapiens (Human)	450	1BYG;1CSK;3D7T;3D7U;3EAC;3EAZ;	P41240;	82	171	SH2	ECO:0000255|PROSITE-ProRule:PRU00191
P41241	reviewed	CSK_MOUSE	Tyrosine-protein kinase CSK (EC 2.7.10.2) (C-Src kinase) (Protein-tyrosine kinase MPK-2) (p50CSK)	Csk	Mus musculus (Mouse)	450	1JEG;	P41241;	82	171	SH2	ECO:0000255|PROSITE-ProRule:PRU00191
P42224	reviewed	STAT1_HUMAN	Signal transducer and activator of transcription 1-alpha/beta (Transcription factor ISGF-3 components p91/p84)	STAT1	Homo sapiens (Human)	750	1BF5;1YVL;2KA6;3WWT;7NUF;	P42224;	573	670	SH2	ECO:0000255|PROSITE-ProRule:PRU00191
P42226	reviewed	STAT6_HUMAN	Signal transducer and activator of transcription 6 (IL-4 Stat)	STAT6	Homo sapiens (Human)	847	1OJ5;4Y5U;4Y5W;5D39;5NWM;5NWX;	P42226;	517	632	SH2	ECO:0000255|PROSITE-ProRule:PRU00191
P42227	reviewed	STAT3_MOUSE	Signal transducer and activator of transcription 3 (Acute-phase response factor)	Stat3 Aprf	Mus musculus (Mouse)	770	1BG1;3CWG;4E68;4ZIA;	P42227;	580	670	SH2	ECO:0000255|PROSITE-ProRule:PRU00191
P42228	reviewed	STAT4_MOUSE	Signal transducer and activator of transcription 4	Stat4	Mus musculus (Mouse)	749	1BGF;	P42228;	570	665	SH2	ECO:0000255|PROSITE-ProRule:PRU00191
P42230	reviewed	STA5A_MOUSE	Signal transducer and activator of transcription 5A (Mammary gland factor)	Stat5a Mgf Mpf	Mus musculus (Mouse)	793	1Y1U;	P42230;	589	686	SH2	ECO:0000255|PROSITE-ProRule:PRU00191
P42679	reviewed	MATK_HUMAN	Megakaryocyte-associated tyrosine-protein kinase (EC 2.7.10.2) (CSK homologous kinase) (CHK) (Hematopoietic consensus tyrosine-lacking kinase) (Protein kinase HYL) (Tyrosine-protein kinase CTK)	MATK CTK HYL	Homo sapiens (Human)	507	1JWO;1X6G;3US4;	P42679;	122	211	SH2	ECO:0000255|PROSITE-ProRule:PRU00191
P42680	reviewed	TEC_HUMAN	Tyrosine-protein kinase Tec (EC 2.7.10.2)	TEC PSCTK4	Homo sapiens (Human)	631	2LUL;	P42680;	247	345	SH2	ECO:0000255|PROSITE-ProRule:PRU00191
P42681	reviewed	TXK_HUMAN	Tyrosine-protein kinase TXK (EC 2.7.10.2) (Protein-tyrosine kinase 4) (Resting lymphocyte kinase)	TXK PTK4 RLK	Homo sapiens (Human)	527	2DM0;	P42681;	150	246	SH2	ECO:0000255|PROSITE-ProRule:PRU00191
P42684	reviewed	ABL2_HUMAN	Tyrosine-protein kinase ABL2 (EC 2.7.10.2) (Abelson murine leukemia viral oncogene homolog 2) (Abelson tyrosine-protein kinase 2) (Abelson-related gene protein) (Tyrosine-protein kinase ARG)	ABL2 ABLL ARG	Homo sapiens (Human)	1182	2ECD;2KK1;2XYN;3GVU;3HMI;3ULR;4EIH;5NP3;5NP5;	P42684;	173	263	SH2	ECO:0000255|PROSITE-ProRule:PRU00191
P43403	reviewed	ZAP70_HUMAN	Tyrosine-protein kinase ZAP-70 (EC 2.7.10.2) (70 kDa zeta-chain associated protein) (Syk-related tyrosine kinase)	ZAP70 SRK	Homo sapiens (Human)	619	1FBV;1M61;1U59;2CBL;2OQ1;2OZO;2Y1N;3ZNI;4A4B;4A4C;4K2R;4XZ0;4XZ1;5O76;	P43403;	10	102	SH2 1	ECO:0000255|PROSITE-ProRule:PRU00191
P43403	reviewed	ZAP70_HUMAN	Tyrosine-protein kinase ZAP-70 (EC 2.7.10.2) (70 kDa zeta-chain associated protein) (Syk-related tyrosine kinase)	ZAP70 SRK	Homo sapiens (Human)	619	1FBV;1M61;1U59;2CBL;2OQ1;2OZO;2Y1N;3ZNI;4A4B;4A4C;4K2R;4XZ0;4XZ1;5O76;	P43403;	163	254	SH2 2	ECO:0000255|PROSITE-ProRule:PRU00191
P43405	reviewed	KSYK_HUMAN	Tyrosine-protein kinase SYK (EC 2.7.10.2) (Spleen tyrosine kinase) (p72-Syk)	SYK	Homo sapiens (Human)	635	1A81;1CSY;1CSZ;1XBA;1XBB;1XBC;3BUW;3EMG;3FQE;3FQH;3FQS;3SRV;3TUB;3TUC;3TUD;3VF8;3VF9;4DFL;4DFN;4F4P;4FL1;4FL2;4FL3;4FYN;4FYO;4FZ6;4FZ7;4GFG;4I0R;4I0S;4I0T;4PUZ;4PV0;4PX6;4RSS;4RX7;4RX8;4RX9;4WNM;4XG2;4XG3;4XG4;4XG6;4XG7;4XG8;4XG9;4YJO;4YJP;4YJQ;4YJR;4YJS;4YJT;4YJU;4YJV;5C26;5C27;5CXH;5CXZ;5CY3;5GHV;5LMA;5LMB;5T68;5TIU;5TR6;5TT7;5Y5T;5Y5U;6HM6;6HM7;6SSB;6VOV;6ZC0;6ZCP;6ZCQ;6ZCR;6ZCS;6ZCU;6ZCX;6ZCY;7Q5T;7Q5U;7Q5W;7Q63;7SA7;	P43405;	15	107	SH2 1	ECO:0000255|PROSITE-ProRule:PRU00191
P43405	reviewed	KSYK_HUMAN	Tyrosine-protein kinase SYK (EC 2.7.10.2) (Spleen tyrosine kinase) (p72-Syk)	SYK	Homo sapiens (Human)	635	1A81;1CSY;1CSZ;1XBA;1XBB;1XBC;3BUW;3EMG;3FQE;3FQH;3FQS;3SRV;3TUB;3TUC;3TUD;3VF8;3VF9;4DFL;4DFN;4F4P;4FL1;4FL2;4FL3;4FYN;4FYO;4FZ6;4FZ7;4GFG;4I0R;4I0S;4I0T;4PUZ;4PV0;4PX6;4RSS;4RX7;4RX8;4RX9;4WNM;4XG2;4XG3;4XG4;4XG6;4XG7;4XG8;4XG9;4YJO;4YJP;4YJQ;4YJR;4YJS;4YJT;4YJU;4YJV;5C26;5C27;5CXH;5CXZ;5CY3;5GHV;5LMA;5LMB;5T68;5TIU;5TR6;5TT7;5Y5T;5Y5U;6HM6;6HM7;6SSB;6VOV;6ZC0;6ZCP;6ZCQ;6ZCR;6ZCS;6ZCU;6ZCX;6ZCY;7Q5T;7Q5U;7Q5W;7Q63;7SA7;	P43405;	168	259	SH2 2	ECO:0000255|PROSITE-ProRule:PRU00191
P46108	reviewed	CRK_HUMAN	Adapter molecule crk (Proto-oncogene c-Crk) (p38)	CRK	Homo sapiens (Human)	304	1JU5;2DVJ;2EYV;2EYW;2EYX;2EYY;2EYZ;2MS4;5UL6;6ATV;	P46108;	13	118	SH2	ECO:0000255|PROSITE-ProRule:PRU00191
P46109	reviewed	CRKL_HUMAN	Crk-like protein	CRKL	Homo sapiens (Human)	303	2BZX;2BZY;2DBK;2EO3;2LQN;2LQW;	P46109;	14	102	SH2	ECO:0000255|PROSITE-ProRule:PRU00191
P48025	reviewed	KSYK_MOUSE	Tyrosine-protein kinase SYK (EC 2.7.10.2) (Spleen tyrosine kinase)	Syk ptk72 Sykb	Mus musculus (Mouse)	629	2LCT;2MC1;	P48025;	14	106	SH2 1	ECO:0000255|PROSITE-ProRule:PRU00191
P48025	reviewed	KSYK_MOUSE	Tyrosine-protein kinase SYK (EC 2.7.10.2) (Spleen tyrosine kinase)	Syk ptk72 Sykb	Mus musculus (Mouse)	629	2LCT;2MC1;	P48025;	167	258	SH2 2	ECO:0000255|PROSITE-ProRule:PRU00191
P51692	reviewed	STA5B_HUMAN	Signal transducer and activator of transcription 5B	STAT5B	Homo sapiens (Human)	787	6MBW;6MBZ;	P51692;	589	686	SH2	ECO:0000255|PROSITE-ProRule:PRU00191
P51813	reviewed	BMX_HUMAN	Cytoplasmic tyrosine-protein kinase BMX (EC 2.7.10.2) (Bone marrow tyrosine kinase gene in chromosome X protein) (Epithelial and endothelial tyrosine kinase) (ETK) (NTK38)	BMX	Homo sapiens (Human)	675	2EKX;2YS2;3SXR;3SXS;6I99;	P51813;	296	392	SH2	ECO:0000255|PROSITE-ProRule:PRU00191
P52333	reviewed	JAK3_HUMAN	Tyrosine-protein kinase JAK3 (EC 2.7.10.2) (Janus kinase 3) (JAK-3) (Leukocyte janus kinase) (L-JAK)	JAK3	Homo sapiens (Human)	1124	1YVJ;3LXK;3LXL;3PJC;3ZC6;3ZEP;4HVD;4HVG;4HVH;4HVI;4I6Q;4QPS;4QT1;4RIO;4V0G;4Z16;5LWM;5LWN;5TOZ;5TTS;5TTU;5TTV;5VO6;5W86;5WFJ;6AAK;6DA4;6DB3;6DB4;6DUD;6GL9;6GLA;6GLB;6HZV;6NY4;7APF;7APG;7C3N;7Q6H;	P52333;	375	475	SH2; atypical	
P52630	reviewed	STAT2_HUMAN	Signal transducer and activator of transcription 2 (p113)	STAT2	Homo sapiens (Human)	851	2KA4;6UX2;6WCZ;	P52630;	572	667	SH2	ECO:0000255|PROSITE-ProRule:PRU00191
P52735	reviewed	VAV2_HUMAN	Guanine nucleotide exchange factor VAV2 (VAV-2)	VAV2	Homo sapiens (Human)	878	2DLZ;2DM1;2LNW;2LNX;4ROJ;7RNV;	P52735;	673	767	SH2	ECO:0000255|PROSITE-ProRule:PRU00191
P52757	reviewed	CHIO_HUMAN	Beta-chimaerin (Beta-chimerin) (Rho GTPase-activating protein 3)	CHN2 ARHGAP3 BCH	Homo sapiens (Human)	468	1XA6;	P52757;	59	127	SH2	ECO:0000255|PROSITE-ProRule:PRU00191
P62993	reviewed	GRB2_HUMAN	Growth factor receptor-bound protein 2 (Adapter protein GRB2) (Protein Ash) (SH2/SH3 adapter GRB2)	GRB2 ASH	Homo sapiens (Human)	217	1AZE;1BM2;1BMB;1CJ1;1FHS;1FYR;1GCQ;1GFC;1GFD;1GHU;1GRI;1IO6;1JYQ;1JYR;1JYU;1QG1;1TZE;1X0N;1ZFP;2AOA;2AOB;2H46;2H5K;2HUW;2VVK;2VWF;2W0Z;3C7I;3IMD;3IMJ;3IN7;3IN8;3KFJ;3MXC;3MXY;3N7Y;3N84;3N8M;3OV1;3OVE;3S8L;3S8N;3S8O;3WA4;4P9V;4P9Z;5CDW;6ICG;6ICH;6SDF;6VK2;6WM1;6WO2;7MPH;	P62993;	60	152	SH2	ECO:0000255|PROSITE-ProRule:PRU00191
P78314	reviewed	3BP2_HUMAN	SH3 domain-binding protein 2 (3BP-2)	SH3BP2 3BP2 RES4-23	Homo sapiens (Human)	561	2CR4;3TWR;	P78314;	457	555	SH2	ECO:0000255|PROSITE-ProRule:PRU00191
Q03526	reviewed	ITK_MOUSE	Tyrosine-protein kinase ITK/TSK (EC 2.7.10.2) (IL-2-inducible T-cell kinase) (Kinase EMT) (Kinase TLK) (T-cell-specific kinase)	Itk Emt Tlk Tsk	Mus musculus (Mouse)	625	1AWJ;1LUI;1LUK;1LUM;1LUN;2ETZ;2EU0;2K79;2K7A;2RN8;2RNA;3S9K;	Q03526;	245	343	SH2	ECO:0000255|PROSITE-ProRule:PRU00191
Q04736	reviewed	YES_MOUSE	Tyrosine-protein kinase Yes (EC 2.7.10.2) (Proto-oncogene c-Yes) (p61-Yes)	Yes1 Yes	Mus musculus (Mouse)	541	2YT6;5MTJ;	Q04736;	156	253	SH2	ECO:0000255|PROSITE-ProRule:PRU00191
Q05876	reviewed	FYN_CHICK	Tyrosine-protein kinase Fyn (EC 2.7.10.2) (Proto-oncogene c-Fyn) (p59-Fyn)	FYN	Gallus gallus (Chicken)	534	2L2P;2LP5;3CQT;	Q05876;	149	246	SH2	ECO:0000255|PROSITE-ProRule:PRU00191
Q06124	reviewed	PTN11_HUMAN	Tyrosine-protein phosphatase non-receptor type 11 (EC 3.1.3.48) (Protein-tyrosine phosphatase 1D) (PTP-1D) (Protein-tyrosine phosphatase 2C) (PTP-2C) (SH-PTP2) (SHP-2) (Shp2) (SH-PTP3)	PTPN11 PTP2C SHPTP2	Homo sapiens (Human)	593	2SHP;3B7O;3MOW;3O5X;3TKZ;3TL0;3ZM0;3ZM1;3ZM2;3ZM3;4DGP;4DGX;4GWF;4H1O;4H34;4JE4;4JEG;4JMG;4NWF;4NWG;4OHD;4OHE;4OHH;4OHI;4OHL;4PVG;4QSY;4RDD;5BK8;5DF6;5EHP;5EHR;5I6V;5IBM;5IBS;5X7B;5X94;5XZR;6ATD;6BMR;6BMU;6BMV;6BMW;6BMX;6BMY;6BN5;6CMP;6CMQ;6CMR;6CMS;6CRF;6CRG;6MD7;6MD9;6MDA;6MDB;6MDC;6MDD;6R5G;6WU8;7EMN;7JVM;7JVN;7R75;7R7D;7R7I;7R7L;7RCT;7VXG;	Q06124;	6	102	SH2 1	ECO:0000255|PROSITE-ProRule:PRU00191
Q06124	reviewed	PTN11_HUMAN	Tyrosine-protein phosphatase non-receptor type 11 (EC 3.1.3.48) (Protein-tyrosine phosphatase 1D) (PTP-1D) (Protein-tyrosine phosphatase 2C) (PTP-2C) (SH-PTP2) (SHP-2) (Shp2) (SH-PTP3)	PTPN11 PTP2C SHPTP2	Homo sapiens (Human)	593	2SHP;3B7O;3MOW;3O5X;3TKZ;3TL0;3ZM0;3ZM1;3ZM2;3ZM3;4DGP;4DGX;4GWF;4H1O;4H34;4JE4;4JEG;4JMG;4NWF;4NWG;4OHD;4OHE;4OHH;4OHI;4OHL;4PVG;4QSY;4RDD;5BK8;5DF6;5EHP;5EHR;5I6V;5IBM;5IBS;5X7B;5X94;5XZR;6ATD;6BMR;6BMU;6BMV;6BMW;6BMX;6BMY;6BN5;6CMP;6CMQ;6CMR;6CMS;6CRF;6CRG;6MD7;6MD9;6MDA;6MDB;6MDC;6MDD;6R5G;6WU8;7EMN;7JVM;7JVN;7R75;7R7D;7R7I;7R7L;7RCT;7VXG;	Q06124;	112	216	SH2 2	ECO:0000255|PROSITE-ProRule:PRU00191
Q06187	reviewed	BTK_HUMAN	Tyrosine-protein kinase BTK (EC 2.7.10.2) (Agammaglobulinemia tyrosine kinase) (ATK) (B-cell progenitor kinase) (BPK) (Bruton tyrosine kinase)	BTK AGMX1 ATK BPK	Homo sapiens (Human)	659	1AWW;1AWX;1B55;1BTK;1BWN;1K2P;1QLY;2GE9;2Z0P;3GEN;3K54;3OCS;3OCT;3P08;3PIX;3PIY;3PIZ;3PJ1;3PJ2;3PJ3;4NWM;4OT5;4OT6;4OTF;4OTQ;4OTR;4RFY;4RFZ;4RG0;4RX5;4YHF;4Z3V;4ZLY;4ZLZ;5BPY;5BQ0;5FBN;5FBO;5J87;5JRS;5KUP;5P9F;5P9G;5P9H;5P9I;5P9J;5P9K;5P9L;5P9M;5T18;5U9D;5VFI;5VGO;5XYZ;5ZZ4;6AUA;6AUB;6BIK;6BKE;6BKH;6BKW;6BLN;6DI0;6DI1;6DI3;6DI5;6DI9;6E4F;6EP9;6HRP;6HRT;6HTF;6J6M;6N9P;6NFH;6NFI;6NZM;6O8I;6OMU;6S90;6TFP;6TSE;6TT2;6TUH;6TVN;6VXQ;6W06;6W07;6W7O;6W8I;6X3N;6X3O;6X3P;6XE4;6YYF;6YYG;6YYK;7KXL;7KXM;7KXN;7KXO;7KXP;7KXQ;7LTY;7LTZ;7N5O;7N5R;7N5X;7N5Y;7R60;7R61;	Q06187;	281	377	SH2	ECO:0000255|PROSITE-ProRule:PRU00191
Q08012	reviewed	GRAP_DROME	Growth factor receptor-bound protein 2 (Downstream of receptor kinase) (Protein enhancer of sevenless 2B)	drk E(sev)2B Grb2 CG6033	Drosophila melanogaster (Fruit fly)	211	2A36;2A37;2AZS;2AZV;	Q08012;	60	151	SH2	ECO:0000255|PROSITE-ProRule:PRU00191
Q08881	reviewed	ITK_HUMAN	Tyrosine-protein kinase ITK/TSK (EC 2.7.10.2) (Interleukin-2-inducible T-cell kinase) (IL-2-inducible T-cell kinase) (Kinase EMT) (T-cell-specific kinase) (Tyrosine-protein kinase Lyk)	ITK EMT LYK	Homo sapiens (Human)	620	1SM2;1SNU;1SNX;2E6I;2LMJ;2YUQ;3MIY;3MJ1;3MJ2;3QGW;3QGY;3T9T;3V5J;3V5L;3V8T;3V8W;4HCT;4HCU;4HCV;4KIO;4L7S;4M0Y;4M0Z;4M12;4M13;4M14;4M15;4MF0;4MF1;4PP9;4PPA;4PPB;4PPC;4PQN;4QD6;4RFM;	Q08881;	239	338	SH2	ECO:0000255|PROSITE-ProRule:PRU00191
Q13094	reviewed	LCP2_HUMAN	Lymphocyte cytosolic protein 2 (SH2 domain-containing leukocyte protein of 76 kDa) (SLP-76 tyrosine phosphoprotein) (SLP76)	LCP2	Homo sapiens (Human)	533	1H3H;1YWO;2EAP;2ROR;6ZCJ;	Q13094;	422	530	SH2	ECO:0000255|PROSITE-ProRule:PRU00191
Q13239	reviewed	SLAP1_HUMAN	Src-like-adapter (Src-like-adapter protein 1) (SLAP-1) (hSLAP)	SLA SLAP SLAP1	Homo sapiens (Human)	276	2CUD;	Q13239;	84	175	SH2	ECO:0000255|PROSITE-ProRule:PRU00191
Q13322	reviewed	GRB10_HUMAN	Growth factor receptor-bound protein 10 (GRB10 adapter protein) (Insulin receptor-binding protein Grb-IR)	GRB10 GRBIR KIAA0207	Homo sapiens (Human)	594	1NRV;3HK0;	Q13322;	493	574	SH2	ECO:0000255|PROSITE-ProRule:PRU00191
Q13882	reviewed	PTK6_HUMAN	Protein-tyrosine kinase 6 (EC 2.7.10.2) (Breast tumor kinase) (Tyrosine-protein kinase BRK)	PTK6 BRK	Homo sapiens (Human)	451	1RJA;2KGT;5D7V;5DA3;5H2U;6CZ2;6CZ3;6CZ4;	Q13882;	78	170	SH2	ECO:0000255|PROSITE-ProRule:PRU00191
Q14449	reviewed	GRB14_HUMAN	Growth factor receptor-bound protein 14 (GRB14 adapter protein)	GRB14	Homo sapiens (Human)	540	2AUG;2AUH;4K81;	Q14449;	439	535	SH2	ECO:0000255|PROSITE-ProRule:PRU00191
Q14451	reviewed	GRB7_HUMAN	Growth factor receptor-bound protein 7 (B47) (Epidermal growth factor receptor GRB-7) (GRB7 adapter protein)	GRB7	Homo sapiens (Human)	532	1MW4;1WGR;2L4K;2QMS;3PQZ;4WWQ;4X6S;5D0J;5EEL;5EEQ;5TYI;5U06;5U1Q;7MP3;	Q14451;	431	527	SH2	ECO:0000255|PROSITE-ProRule:PRU00191
Q4JIM5	reviewed	ABL2_MOUSE	Tyrosine-protein kinase ABL2 (EC 2.7.10.2) (Abelson murine leukemia viral oncogene homolog 2) (Abelson tyrosine-protein kinase 2) (Abelson-related gene protein) (Tyrosine-protein kinase ARG)	Abl2 Arg	Mus musculus (Mouse)	1182	4XLI;	Q4JIM5;	173	263	SH2	ECO:0000255|PROSITE-ProRule:PRU00191
Q60631	reviewed	GRB2_MOUSE	Growth factor receptor-bound protein 2 (Adapter protein GRB2) (SH2/SH3 adapter GRB2)	Grb2	Mus musculus (Mouse)	217	1GBQ;1GBR;2GBQ;3GBQ;4GBQ;	Q60631;	60	152	SH2	ECO:0000255|PROSITE-ProRule:PRU00191
Q60760	reviewed	GRB10_MOUSE	Growth factor receptor-bound protein 10 (GRB10 adapter protein) (Maternally expressed gene 1 protein)	Grb10 Meg1	Mus musculus (Mouse)	621	3M7F;	Q60760;	520	601	SH2	ECO:0000255|PROSITE-ProRule:PRU00191
Q60787	reviewed	LCP2_MOUSE	Lymphocyte cytosolic protein 2 (SH2 domain-containing leukocyte protein of 76 kDa) (SLP-76 tyrosine phosphoprotein) (SLP76)	Lcp2	Mus musculus (Mouse)	533	1OEB;2ETZ;2EU0;	Q60787;	422	530	SH2	ECO:0000255|PROSITE-ProRule:PRU00191
Q62120	reviewed	JAK2_MOUSE	Tyrosine-protein kinase JAK2 (EC 2.7.10.2) (Janus kinase 2) (JAK-2)	Jak2	Mus musculus (Mouse)	1132	2HDX;4GL9;	Q62120;	401	482	SH2; atypical	ECO:0000255|PROSITE-ProRule:PRU00191
Q63787	reviewed	P85A_RAT	Phosphatidylinositol 3-kinase regulatory subunit alpha (PI3-kinase regulatory subunit alpha) (PI3K regulatory subunit alpha) (PtdIns-3-kinase regulatory subunit alpha) (Phosphatidylinositol 3-kinase 85 kDa regulatory subunit alpha) (PI3-kinase subunit p85-alpha) (PtdIns-3-kinase regulatory subunit p85-alpha)	Pik3r1	Rattus norvegicus (Rat)	724	1FU5;1FU6;	Q63787;	333	428	SH2 1	ECO:0000255|PROSITE-ProRule:PRU00191
Q63787	reviewed	P85A_RAT	Phosphatidylinositol 3-kinase regulatory subunit alpha (PI3-kinase regulatory subunit alpha) (PI3K regulatory subunit alpha) (PtdIns-3-kinase regulatory subunit alpha) (Phosphatidylinositol 3-kinase 85 kDa regulatory subunit alpha) (PI3-kinase subunit p85-alpha) (PtdIns-3-kinase regulatory subunit p85-alpha)	Pik3r1	Rattus norvegicus (Rat)	724	1FU5;1FU6;	Q63787;	624	718	SH2 2	ECO:0000255|PROSITE-ProRule:PRU00191
Q63HR2	reviewed	TNS2_HUMAN	Tensin-2 (EC 3.1.3.48) (C1 domain-containing phosphatase and tensin homolog) (C1-TEN) (Tensin-like C1 domain-containing phosphatase)	TNS2 KIAA1075 TENC1	Homo sapiens (Human)	1409	2DKQ;2KNO;2L6K;2LOZ;3HQC;	Q63HR2;	1140	1247	SH2	ECO:0000255|PROSITE-ProRule:PRU00191
Q64010	reviewed	CRK_MOUSE	Adapter molecule crk (Proto-oncogene c-Crk) (p38)	Crk Crko	Mus musculus (Mouse)	304	1B07;1CKA;1CKB;1JU5;1M30;1M3A;1M3B;1M3C;2GGR;5IH2;5JN0;5L23;	Q64010;	13	118	SH2	ECO:0000255|PROSITE-ProRule:PRU00191
Q6P549	reviewed	SHIP2_MOUSE	Phosphatidylinositol 3,4,5-trisphosphate 5-phosphatase 2 (EC 3.1.3.86) (AblSH3-binding protein) (Inositol polyphosphate phosphatase-like protein 1) (INPPL-1) (SH2 domain-containing inositol 5'-phosphatase 2) (SH2 domain-containing inositol phosphatase 2) (SHIP-2)	Inppl1 Ship2	Mus musculus (Mouse)	1257	5ZRX;	Q6P549;	21	117	SH2	ECO:0000255|PROSITE-ProRule:PRU00191
Q8CIH5	reviewed	PLCG2_MOUSE	1-phosphatidylinositol 4,5-bisphosphate phosphodiesterase gamma-2 (EC 3.1.4.11) (Phosphoinositide phospholipase C-gamma-2) (Phospholipase C-gamma-2) (PLC-gamma-2)	Plcg2	Mus musculus (Mouse)	1265	2DX0;2EQI;	Q8CIH5;	532	635	SH2 1	ECO:0000255|PROSITE-ProRule:PRU00191
Q8CIH5	reviewed	PLCG2_MOUSE	1-phosphatidylinositol 4,5-bisphosphate phosphodiesterase gamma-2 (EC 3.1.4.11) (Phosphoinositide phospholipase C-gamma-2) (Phospholipase C-gamma-2) (PLC-gamma-2)	Plcg2	Mus musculus (Mouse)	1265	2DX0;2EQI;	Q8CIH5;	646	735	SH2 2	ECO:0000255|PROSITE-ProRule:PRU00191
Q8N5H7	reviewed	SH2D3_HUMAN	SH2 domain-containing protein 3C (Cas/HEF1-associated signal transducer) (Chat-H) (Novel SH2-containing protein 3) (SH2 domain-containing Eph receptor-binding protein 1) (SHEP1)	SH2D3C NSP3 UNQ272/PRO309/PRO34088	Homo sapiens (Human)	860	3T6G;	Q8N5H7;	220	319	SH2	ECO:0000255|PROSITE-ProRule:PRU00191
Q8R4L0	reviewed	SLAP2_MOUSE	Src-like-adapter 2 (Src-like adapter protein 2) (SLAP-2)	Sla2	Mus musculus (Mouse)	259	6XAR;	Q8R4L0;	93	190	SH2	ECO:0000255|PROSITE-ProRule:PRU00191
Q8TB24	reviewed	RIN3_HUMAN	Ras and Rab interactor 3 (Ras interaction/interference protein 3)	RIN3	Homo sapiens (Human)	985	3U23;4WCI;	Q8TB24;	63	158	SH2	ECO:0000255|PROSITE-ProRule:PRU00191
Q8WV28	reviewed	BLNK_HUMAN	B-cell linker protein (B-cell adapter containing a SH2 domain protein) (B-cell adapter containing a Src homology 2 domain protein) (Cytoplasmic adapter protein) (Src homology 2 domain-containing leukocyte protein of 65 kDa) (SLP-65)	BLNK BASH SLP65	Homo sapiens (Human)	456	6YLU;	Q8WV28;	346	453	SH2	ECO:0000255|PROSITE-ProRule:PRU00191
Q8WXH5	reviewed	SOCS4_HUMAN	Suppressor of cytokine signaling 4 (SOCS-4) (Suppressor of cytokine signaling 7) (SOCS-7)	SOCS4 SOCS7	Homo sapiens (Human)	440	2IZV;	Q8WXH5;	286	381	SH2	ECO:0000255|PROSITE-ProRule:PRU00191
Q91ZM2	reviewed	SH2B1_MOUSE	SH2B adapter protein 1 (Pro-rich, PH and SH2 domain-containing signaling mediator) (PSM) (SH2 domain-containing protein 1B) (SH2-B PH domain-containing signaling mediator 1)	Sh2b1 Sh2bpsm1	Mus musculus (Mouse)	756	2HDV;2HDX;	Q91ZM2;	527	625	SH2	ECO:0000255|PROSITE-ProRule:PRU00191
Q922K9	reviewed	FRK_MOUSE	Tyrosine-protein kinase FRK (EC 2.7.10.2) (Beta-cell Src-homology tyrosine kinase) (BSK) (FYN-related kinase) (Intestine tyrosine kinase)	Frk Bsk Iyk	Mus musculus (Mouse)	512	2D8J;2DLY;	Q922K9;	123	215	SH2	ECO:0000255|PROSITE-ProRule:PRU00191
Q92835	reviewed	SHIP1_HUMAN	Phosphatidylinositol 3,4,5-trisphosphate 5-phosphatase 1 (EC 3.1.3.86) (Inositol polyphosphate-5-phosphatase D) (EC 3.1.3.56) (Inositol polyphosphate-5-phosphatase of 145 kDa) (SIP-145) (Phosphatidylinositol 4,5-bisphosphate 5-phosphatase) (EC 3.1.3.36) (SH2 domain-containing inositol 5'-phosphatase 1) (SH2 domain-containing inositol phosphatase 1) (SHIP-1) (p150Ship) (hp51CN)	INPP5D SHIP SHIP1	Homo sapiens (Human)	1189	2YSX;5RW2;5RW3;5RW4;5RW5;5RW6;5RW7;5RW8;5RW9;5RWA;5RWB;5RWC;5RWD;5RWE;5RWF;5RWG;5RWH;5RWI;5RWJ;5RWK;5RWL;5RWM;5RWN;5RWO;5RWP;5RWQ;5RWR;5RWS;5RWT;5RWU;5RWV;5RWW;5RWX;5RWY;5RWZ;5RX0;5RX1;5RX2;5RX3;5RX4;5RX5;5RX6;5RX7;5RX8;5RX9;5RXA;5RXB;5RXC;5RXD;5RXE;5RXF;5RXG;5RXH;5RXI;5RXJ;5RXK;5RXL;5RXM;5RXO;5RXP;5RXQ;5RXR;5RXS;5RXT;5RXU;5RXV;5RXW;5RXX;5RXY;5RXZ;5RY0;5RY1;5RY2;5RY3;5RY4;5RY5;5RY6;5RY7;5RY8;5RY9;5RYA;5RYB;5RYC;5RYD;5RYE;5RYF;5RYG;5RYH;5RYI;5RYJ;5RYK;5RYL;6IBD;6XY7;	Q92835;	5	101	SH2	ECO:0000255|PROSITE-ProRule:PRU00191
Q96JZ2	reviewed	HSH2D_HUMAN	Hematopoietic SH2 domain-containing protein (Hematopoietic SH2 protein) (Adaptor in lymphocytes of unknown function X)	HSH2D ALX	Homo sapiens (Human)	352	2CS0;	Q96JZ2;	34	125	SH2	ECO:0000255|PROSITE-ProRule:PRU00191
Q9ES52	reviewed	SHIP1_MOUSE	Phosphatidylinositol 3,4,5-trisphosphate 5-phosphatase 1 (EC 3.1.3.86) (Inositol polyphosphate-5-phosphatase D) (EC 3.1.3.56) (Inositol polyphosphate-5-phosphatase of 145 kDa) (SIP-145) (Phosphatidylinositol-4,5-bisphosphate 5-phosphatase) (EC 3.1.3.36) (SH2 domain-containing inositol 5'-phosphatase 1) (SH2 domain-containing inositol phosphatase 1) (SHIP-1) (p150Ship)	Inpp5d 7a33 Ship Ship1	Mus musculus (Mouse)	1191	6DLG;	Q9ES52;	8	104	SH2	ECO:0000255|PROSITE-ProRule:PRU00191
Q9H6Q3	reviewed	SLAP2_HUMAN	Src-like-adapter 2 (Modulator of antigen receptor signaling) (MARS) (Src-like adapter protein 2) (SLAP-2)	SLA2 C20orf156 SLAP2	Homo sapiens (Human)	261	4M4Z;	Q9H6Q3;	94	191	SH2	ECO:0000255|PROSITE-ProRule:PRU00191
Q9JID9	reviewed	SH2B2_MOUSE	SH2B adapter protein 2 (Adapter protein with pleckstrin homology and Src homology 2 domains) (SH2 and PH domain-containing adapter protein APS)	Sh2b2 Aps	Mus musculus (Mouse)	621	1V5M;	Q9JID9;	409	507	SH2	ECO:0000255|PROSITE-ProRule:PRU00191, ECO:0000305
Q9NHC3	reviewed	CED2_CAEEL	Cell death abnormality protein 2 (Cell-corpse engulfment protein CED-2)	ced-2 Y41D4B.13	Caenorhabditis elegans	279	3QWX;3QWY;	Q9NHC3;	14	115	SH2	ECO:0000255|PROSITE-ProRule:PRU00191
Q9NRF2	reviewed	SH2B1_HUMAN	SH2B adapter protein 1 (Pro-rich, PH and SH2 domain-containing signaling mediator) (PSM) (SH2 domain-containing protein 1B)	SH2B1 KIAA1299 SH2B	Homo sapiens (Human)	756	5W3R;	Q9NRF2;	527	625	SH2	ECO:0000255|PROSITE-ProRule:PRU00191
Q9QUN3	reviewed	BLNK_MOUSE	B-cell linker protein (B-cell adapter containing a SH2 domain protein) (B-cell adapter containing a Src homology 2 domain protein) (Cytoplasmic adapter protein) (Lymphocyte antigen 57) (Src homology 2 domain-containing leukocyte protein of 65 kDa) (Slp-65)	Blnk Bash Ly57 Slp65	Mus musculus (Mouse)	457	2EO6;	Q9QUN3;	347	454	SH2	ECO:0000255|PROSITE-ProRule:PRU00191
Q9R117	reviewed	TYK2_MOUSE	Non-receptor tyrosine-protein kinase TYK2 (EC 2.7.10.2)	Tyk2	Mus musculus (Mouse)	1184	4E1Z;4E20;	Q9R117;	449	529	SH2; atypical	
Q9UGK3	reviewed	STAP2_HUMAN	Signal-transducing adaptor protein 2 (STAP-2) (Breast tumor kinase substrate) (BRK substrate)	STAP2 BKS	Homo sapiens (Human)	403	2EL8;	Q9UGK3;	133	248	SH2	ECO:0000255|PROSITE-ProRule:PRU00191
Q9UKW4	reviewed	VAV3_HUMAN	Guanine nucleotide exchange factor VAV3 (VAV-3)	VAV3	Homo sapiens (Human)	847	2D86;	Q9UKW4;	672	766	SH2	ECO:0000255|PROSITE-ProRule:PRU00191
Q9ULZ2	reviewed	STAP1_HUMAN	Signal-transducing adaptor protein 1 (STAP-1) (BCR downstream-signaling protein 1) (Docking protein BRDG1) (Stem cell adaptor protein 1)	STAP1 BRDG1	Homo sapiens (Human)	295	1X1F;3MAZ;	Q9ULZ2;	177	280	SH2	ECO:0000255|PROSITE-ProRule:PRU00191
Q9UN19	reviewed	DAPP1_HUMAN	Dual adapter for phosphotyrosine and 3-phosphotyrosine and 3-phosphoinositide (hDAPP1) (B lymphocyte adapter protein Bam32) (B-cell adapter molecule of 32 kDa)	DAPP1 BAM32 HSPC066	Homo sapiens (Human)	280	1FAO;1FB8;	Q9UN19;	35	129	SH2	ECO:0000255|PROSITE-ProRule:PRU00191
Q9Z200	reviewed	SH2B2_RAT	SH2B adapter protein 2 (Adapter protein with pleckstrin homology and Src homology 2 domains) (SH2 and PH domain-containing adapter protein APS)	Sh2b2 Aps	Rattus norvegicus (Rat)	621	1RPY;1RQQ;1YVH;	Q9Z200;	409	507	SH2	ECO:0000255|PROSITE-ProRule:PRU00191
B1ASP2	unreviewed	B1ASP2_MOUSE	Tyrosine-protein kinase (EC 2.7.10.2)	Jak1	Mus musculus (Mouse)	1153	7T6F;		439	528	SH2	ECO:0000259|PROSITE:PS50001
P00524	reviewed	SRC_RSVSA	Tyrosine-protein kinase transforming protein Src (EC 2.7.10.2) (pp60v-src) (p60-Src) (v-Src)	V-SRC	Avian leukosis virus RSA (RSV-SRA) (Rous sarcoma virus (strain Schmidt-Ruppin A))	526	1BKL;1BKM;1IS0;1KC2;1NZL;1NZV;1SHA;1SHB;1SKJ;1SPR;1SPS;		148	245	SH2	ECO:0000255|PROSITE-ProRule:PRU00191
P00525	reviewed	SRC_AVISR	Tyrosine-protein kinase transforming protein Src (EC 2.7.10.2) (pp60v-src) (p60-Src) (v-Src)	V-SRC	Avian sarcoma virus (strain rASV1441)	526	1QWE;1QWF;		148	245	SH2	ECO:0000255|PROSITE-ProRule:PRU00191
P00526	reviewed	SRC_RSVP	Tyrosine-protein kinase transforming protein Src (EC 2.7.10.2) (pp60v-src) (p60-Src) (v-Src)	V-SRC	Rous sarcoma virus (strain Prague C) (RSV-PrC)	526	5YMW;		148	245	SH2	ECO:0000255|PROSITE-ProRule:PRU00191
P63185	reviewed	SRC_RSVSE	Tyrosine-protein kinase transforming protein Src (EC 2.7.10.2) (pp60v-src) (p60-Src) (v-Src)	V-SRC	Rous sarcoma virus (strain Schmidt-Ruppin E) (RSV-SR-E)	526	2JYQ;		148	245	SH2	ECO:0000255|PROSITE-ProRule:PRU00191
Q04205	reviewed	TENS_CHICK	Tensin	TNS	Gallus gallus (Chicken)	1744	1WVH;2GJY;	Q04205;	1472	1581	SH2	ECO:0000255|PROSITE-ProRule:PRU00191
Q04929	reviewed	CRK_CHICK	Adapter molecule crk (Proto-oncogene c-Crk) (p38)	CRK	Gallus gallus (Chicken)	305	2L3P;2L3Q;2L3S;	Q04929;	13	119	SH2	ECO:0000255|PROSITE-ProRule:PRU00191
Q3ZC95	unreviewed	Q3ZC95_BOVIN	Tyrosine-protein kinase (EC 2.7.10.2)	BTK	Bos taurus (Bovine)	659	4Y93;4Y94;4Y95;		281	377	SH2	ECO:0000259|PROSITE:PS50001
Q6FLB1	reviewed	SPT6_CANGA	Transcription elongation factor SPT6 (Chromatin elongation factor SPT6)	SPT6 CAGL0L04774g	Candida glabrata (strain ATCC 2001 / CBS 138 / JCM 3761 / NBRC 0622 / NRRL Y-65) (Yeast) (Torulopsis glabrata)	1449	3GXW;3GXX;3PJP;6QTC;	Q6FLB1;	1256	1353	SH2	ECO:0000255|PROSITE-ProRule:PRU00191
B6RCQ2	unreviewed	B6RCQ2_CHICK	Suppressor of cytokine signaling 1	SOCS1	Gallus gallus (Chicken)	207	6C7Y;		75	170	SH2	ECO:0000259|PROSITE:PS50001
C0LEJ4	unreviewed	C0LEJ4_XENLA	Suppressor of cytokine signaling (suppressor of cytokine signaling 1 L homeolog) (suppressor of cytokine signaling 1 L homeolog isoform X1)	socs1.L cis1 cish1 jab socs-1 SOCS1 socs1 socs1-a socs1-b socs1b ssi-1 ssi1 tip3	Xenopus laevis (African clawed frog)	211	6C5X;		79	174	SH2	ECO:0000259|PROSITE:PS50001
Q32PK0	unreviewed	Q32PK0_BOVIN	Tyrosine-protein kinase (EC 2.7.10.2)	SYK	Bos taurus (Bovine)	605	2FCI;		10	102	SH2	ECO:0000259|PROSITE:PS50001
Q32PK0	unreviewed	Q32PK0_BOVIN	Tyrosine-protein kinase (EC 2.7.10.2)	SYK	Bos taurus (Bovine)	605	2FCI;		163	253	SH2	ECO:0000259|PROSITE:PS50001
E5RFS5	unreviewed	E5RFS5_HUMAN	Tyrosine-protein kinase Fyn	FYN	Homo sapiens (Human)	232	7D7S;		149	232	SH2	ECO:0000259|PROSITE:PS50001
G3V845	unreviewed	G3V845_RAT	1-phosphatidylinositol 4,5-bisphosphate phosphodiesterase gamma (EC 3.1.4.11)	Plcg1 rCG_32419	Rattus norvegicus (Rat)	1290	6PBC;		550	657	SH2	ECO:0000259|PROSITE:PS50001
G3V845	unreviewed	G3V845_RAT	1-phosphatidylinositol 4,5-bisphosphate phosphodiesterase gamma (EC 3.1.4.11)	Plcg1 rCG_32419	Rattus norvegicus (Rat)	1290	6PBC;		668	756	SH2	ECO:0000259|PROSITE:PS50001
Q3UDU1	unreviewed	Q3UDU1_MOUSE	Signal transducer and activator of transcription	Stat2	Mus musculus (Mouse)	931	5OEN;		570	708	SH2	ECO:0000259|PROSITE:PS50001
Q64817	unreviewed	Q64817_AVIS2	Non-specific protein-tyrosine kinase (EC 2.7.10.2)	src	Avian sarcoma virus PR2257/16	587	4Y92;		148	245	SH2	ECO:0000259|PROSITE:PS50001
Q7TMU1	unreviewed	Q7TMU1_MOUSE	Tyrosine-protein kinase (EC 2.7.10.2)	Btk	Mus musculus (Mouse)	659	6MNY;		281	377	SH2	ECO:0000259|PROSITE:PS50001
Q5T4P3	unreviewed	Q5T4P3_HUMAN	Phosphatidylinositol 3-kinase regulatory subunit gamma	PIK3R3	Homo sapiens (Human)	206	5ZUT;		65	160	SH2	ECO:0000259|PROSITE:PS50001
Q9DG07	unreviewed	Q9DG07_CHICK	SLP-76 adaptor protein	SLP76	Gallus gallus (Chicken)	530	4D0D;		418	526	SH2	ECO:0000259|PROSITE:PS50001
