resi	RCSB	chain
46	12as	A
100	12as	A
116	12as	A
235	12as	A
248	12as	A
251	12as	A
39	13pk	A
219	13pk	A
376	13pk	A
399	13pk	A
140	1a05	A
190	1a05	B
222	1a05	B
246	1a05	A
250	1a05	A
34	1a0i	A
238	1a0i	A
240	1a0i	A
38	1a16	A
243	1a16	A
260	1a16	A
271	1a16	A
350	1a16	A
354	1a16	A
361	1a16	A
383	1a16	A
387	1a16	A
404	1a16	A
406	1a16	A
904	1a26	A
907	1a26	A
988	1a26	A
25	1a30	A
25	1a30	B
26	1a30	A
26	1a30	B
27	1a30	A
27	1a30	B
130	1a41	A
167	1a41	A
223	1a41	A
265	1a41	A
274	1a41	A
49	1a4i	A
56	1a4i	A
100	1a4i	A
125	1a4i	A
15	1a4l	A
17	1a4l	A
214	1a4l	A
217	1a4l	A
238	1a4l	A
295	1a4l	A
166	1a4s	A
263	1a4s	A
297	1a4s	A
477	1a4s	A
13	1a4y	B
40	1a4y	B
114	1a4y	B
49	1a50	A
60	1a50	A
87	1a50	B
109	1a50	B
175	1a50	A
377	1a50	B
115	1a79	A
125	1a79	A
156	1a79	A
32	1a7u	A
98	1a7u	A
99	1a7u	A
228	1a7u	A
257	1a7u	A
19	1a8h	A
22	1a8h	A
127	1a8h	A
130	1a8h	A
144	1a8h	A
147	1a8h	A
297	1a8h	A
300	1a8h	A
88	1a95	A
89	1a95	A
92	1a95	A
44	1aa6	A
140	1aa6	A
141	1aa6	A
333	1aa6	A
142	1aam	A
223	1aam	A
258	1aam	A
32	1ab4	A
78	1ab4	A
122	1ab4	A
164	1abr	A
167	1abr	A
38	1adn	A
42	1adn	A
69	1adn	A
72	1adn	A
53	1af7	A
154	1af7	A
62	1afr	A
105	1afr	A
143	1afr	A
146	1afr	A
196	1afr	A
199	1afr	A
228	1afr	A
229	1afr	A
232	1afr	A
125	1afw	A
375	1afw	A
403	1afw	A
405	1afw	A
120	1agm	A
176	1agm	A
179	1agm	A
180	1agm	A
400	1agm	A
42	1agy	A
120	1agy	A
121	1agy	A
175	1agy	A
188	1agy	A
14	1ah7	A
55	1ah7	A
69	1ah7	A
118	1ah7	A
122	1ah7	A
128	1ah7	A
142	1ah7	A
146	1ah7	A
221	1aj0	A
255	1aj0	A
1	1ak0	A
6	1ak0	A
45	1ak0	A
48	1ak0	A
60	1ak0	A
116	1ak0	A
120	1ak0	A
126	1ak0	A
149	1ak0	A
153	1ak0	A
7	1ako	A
34	1ako	A
151	1ako	A
153	1ako	A
229	1ako	A
258	1ako	A
259	1ako	A
244	1al6	A
274	1al6	A
320	1al6	A
329	1al6	A
375	1al6	A
51	1alk	A
102	1alk	A
153	1alk	A
155	1alk	A
166	1alk	A
322	1alk	A
327	1alk	A
328	1alk	A
331	1alk	A
369	1alk	A
370	1alk	A
412	1alk	A
1	1am2	A
72	1am2	A
74	1am2	A
75	1am2	A
197	1am2	A
198	1am2	A
32	1am5	A
35	1am5	A
37	1am5	A
39	1am5	A
75	1am5	A
215	1am5	A
218	1am5	A
457	1amo	A
630	1amo	A
675	1amo	A
677	1amo	A
179	1amy	A
204	1amy	A
289	1amy	A
83	1aop	A
153	1aop	A
215	1aop	A
217	1aop	A
434	1aop	A
440	1aop	A
479	1aop	A
483	1aop	A
38	1apx	A
42	1apx	A
163	1apx	A
179	1apx	A
208	1apx	A
183	1apy	B
201	1apy	B
211	1apy	B
49	1apy	A
234	1apy	B
235	1apy	B
232	1aq0	A
280	1aq0	A
283	1aq0	A
288	1aq0	A
65	1aq2	A
213	1aq2	A
232	1aq2	A
250	1aq2	A
254	1aq2	A
255	1aq2	A
269	1aq2	A
333	1aq2	A
107	1aql	A
108	1aql	A
194	1aql	A
195	1aql	A
320	1aql	A
435	1aql	A
159	1arz	A
163	1arz	A
92	1ast	A
93	1ast	A
96	1ast	A
102	1ast	A
149	1ast	A
325	1asy	A
327	1asy	A
333	1asy	A
334	1asy	A
478	1asy	A
481	1asy	A
531	1asy	A
54	1at1	A
55	1at1	A
84	1at1	A
105	1at1	A
134	1at1	A
81	1aug	A
91	1aug	A
144	1aug	A
168	1aug	A
90	1aui	A
92	1aui	A
118	1aui	A
121	1aui	A
122	1aui	A
150	1aui	A
151	1aui	A
199	1aui	A
254	1aui	A
281	1aui	A
29	1auk	A
30	1auk	A
69	1auk	A
73	1auk	A
123	1auk	A
125	1auk	A
150	1auk	A
229	1auk	A
281	1auk	A
282	1auk	A
302	1auk	A
23	1auo	A
114	1auo	A
115	1auo	A
168	1auo	A
199	1auo	A
160	1auw	C
281	1auw	A
287	1auw	A
294	1auw	A
131	1avq	A
25	1aw8	B
9	1aw8	D
58	1aw8	B
72	1ax4	B
132	1ax4	A
133	1ax4	A
223	1ax4	A
225	1ax4	A
266	1ax4	A
458	1ax4	A
140	1ay4	A
222	1ay4	A
224	1ay4	A
258	1ay4	A
43	1azw	A
110	1azw	A
111	1azw	A
266	1azw	A
294	1azw	A
83	1azy	A
84	1azy	A
85	1azy	A
86	1azy	A
123	1azy	A
171	1azy	A
186	1azy	A
190	1azy	A
191	1azy	A
38	1b2m	A
40	1b2m	A
58	1b2m	A
77	1b2m	A
92	1b2m	A
100	1b2m	A
54	1b3r	A
77	1b3r	A
82	1b3r	A
130	1b3r	A
155	1b3r	A
180	1b3r	A
185	1b3r	A
189	1b3r	A
190	1b3r	A
194	1b3r	A
300	1b3r	A
352	1b3r	A
360	1b3r	A
364	1b3r	A
109	1b57	A
110	1b57	A
182	1b57	A
226	1b57	A
264	1b57	A
286	1b57	A
60	1b5d	A
148	1b5d	A
179	1b5d	A
62	1b5q	A
146	1b65	A
218	1b65	A
250	1b65	A
288	1b65	A
289	1b65	A
23	1b66	A
42	1b66	A
48	1b66	A
50	1b66	A
88	1b66	B
89	1b66	B
133	1b66	A
97	1b6b	A
111	1b6b	A
122	1b6b	A
124	1b6b	A
168	1b6b	A
124	1b6g	A
125	1b6g	A
175	1b6g	A
260	1b6g	A
289	1b6g	A
18	1b6t	A
42	1b6t	A
91	1b6t	A
129	1b6t	A
7	1b73	A
8	1b73	A
70	1b73	A
147	1b73	A
178	1b73	A
180	1b73	A
204	1b7y	A
314	1b7y	A
53	1b8f	A
83	1b8f	A
195	1b8f	A
280	1b8f	A
283	1b8f	A
329	1b8f	A
414	1b8f	A
145	1b8g	A
230	1b8g	A
232	1b8g	A
273	1b8g	A
19	1b93	A
66	1b93	A
71	1b93	A
91	1b93	A
98	1b93	A
101	1b93	A
107	1b93	C
88	1b9h	A
159	1b9h	A
162	1b9h	A
185	1b9h	A
188	1b9h	A
219	1b9h	A
226	1b9h	A
236	1b9h	A
218	1ba3	A
245	1ba3	A
343	1ba3	A
443	1ba3	A
529	1ba3	A
86	1bc2	A
88	1bc2	A
90	1bc2	A
149	1bc2	A
180	1bc2	A
137	1bd3	A
141	1bd3	A
235	1bd3	A
238	1bd3	A
128	1bf2	A
229	1bf2	A
230	1bf2	A
232	1bf2	A
259	1bf2	A
375	1bf2	A
435	1bf2	A
510	1bf2	A
126	1bg0	A
225	1bg0	A
229	1bg0	A
271	1bg0	A
273	1bg0	A
280	1bg0	A
309	1bg0	A
314	1bg0	A
202	1bg6	A
297	1bg6	A
43	1bh2	A
178	1bh2	A
181	1bh2	A
204	1bh2	A
207	1bhg	A
451	1bhg	A
504	1bhg	A
540	1bhg	A
118	1bib	A
183	1bib	A
317	1bib	A
171	1bix	A
210	1bix	A
283	1bix	A
309	1bix	A
102	1bjo	A
174	1bjo	A
198	1bjo	A
1	1bjp	A
11	1bjp	A
39	1bjp	B
50	1bjp	A
162	1bmf	D
188	1bmf	D
189	1bmf	D
373	1bmf	C
757	1bmt	A
759	1bmt	A
810	1bmt	A
150	1bo1	A
278	1bo1	A
220	1bob	A
255	1bob	A
46	1bol	A
49	1bol	A
57	1bol	A
105	1bol	A
108	1bol	A
109	1bol	A
53	1boo	A
54	1boo	A
96	1boo	A
195	1bou	B
50	1bqc	A
127	1bqc	A
128	1bqc	A
196	1bqc	A
198	1bqc	A
225	1bqc	A
254	1bqc	A
135	1brm	A
162	1brm	A
267	1brm	A
274	1brm	A
82	1brw	A
161	1brw	A
168	1brw	A
183	1brw	A
187	1brw	A
47	1bs0	A
133	1bs0	A
175	1bs0	A
179	1bs0	A
204	1bs0	A
207	1bs0	A
236	1bs0	A
11	1bs1	A
12	1bs1	A
15	1bs1	A
16	1bs1	A
37	1bs1	A
41	1bs1	A
54	1bs1	A
115	1bs1	A
13	1bs9	A
90	1bs9	A
91	1bs9	A
175	1bs9	A
187	1bs9	A
1045	1bsz	A
1050	1bsz	A
1090	1bsz	A
1091	1bsz	A
1132	1bsz	A
1133	1bsz	A
1136	1bsz	A
88	1bt3	A
109	1bt3	A
118	1bt3	A
240	1bt3	A
244	1bt3	A
261	1bt3	A
274	1bt3	A
70	1btl	A
73	1btl	A
130	1btl	A
166	1btl	A
234	1btl	A
237	1btl	A
268	1bu7	A
393	1bu7	A
400	1bu7	A
35	1bvv	A
69	1bvv	A
78	1bvv	A
80	1bvv	A
172	1bvv	A
325	1bvz	A
354	1bvz	A
421	1bvz	A
9	1bwd	A
108	1bwd	A
179	1bwd	A
227	1bwd	A
229	1bwd	A
286	1bwd	A
331	1bwd	A
332	1bwd	A
47	1bwp	A
74	1bwp	A
104	1bwp	A
192	1bwp	A
195	1bwp	A
73	1bwz	A
159	1bwz	A
208	1bwz	A
217	1bwz	A
220	1bwz	A
134	1bxk	A
135	1bxk	A
136	1bxk	A
160	1bxk	A
164	1bxk	A
129	1bxr	A
169	1bxr	A
202	1bxr	B
215	1bxr	A
243	1bxr	A
269	1bxr	B
283	1bxr	A
285	1bxr	A
299	1bxr	A
301	1bxr	A
303	1bxr	A
353	1bxr	B
355	1bxr	B
715	1bxr	A
721	1bxr	A
722	1bxr	A
761	1bxr	A
829	1bxr	A
841	1bxr	A
843	1bxr	A
848	1bxr	A
101	1bya	A
186	1bya	A
342	1bya	A
380	1bya	A
383	1bya	A
181	1bzc	A
215	1bzc	A
221	1bzc	A
222	1bzc	A
262	1bzc	A
133	1bzy	A
134	1bzy	A
137	1bzy	A
186	1bzy	A
199	1bzy	A
1054	1c0p	A
1335	1c0p	A
1339	1c0p	A
61	1c17	L
206	1c17	M
210	1c17	M
214	1c17	M
68	1c3c	B
140	1c3c	A
141	1c3c	A
263	1c3c	A
268	1c3c	B
275	1c3c	B
22	1c3j	A
72	1c3j	A
100	1c3j	A
191	1c3j	A
323	1c4t	C
375	1c4t	A
40	1c4x	A
109	1c4x	A
110	1c4x	A
111	1c4x	A
186	1c4x	A
235	1c4x	A
263	1c4x	A
264	1c4x	A
506	1c4z	A
539	1c4z	A
550	1c4z	A
86	1c4z	D
607	1c4z	A
818	1c4z	A
820	1c4z	A
349	1c82	A
399	1c82	A
408	1c82	A
462	1c82	A
144	1c9u	A
163	1c9u	A
228	1c9u	A
269	1c9u	A
271	1c9u	A
273	1c9u	A
309	1c9u	A
64	1ca2	A
94	1ca2	A
96	1ca2	A
106	1ca2	A
119	1ca2	A
199	1ca2	A
14	1cb7	A
16	1cb7	A
100	1cb7	B
171	1cb7	B
175	1cb8	A
225	1cb8	A
234	1cb8	A
288	1cb8	A
371	1cb8	A
91	1cbg	A
137	1cbg	A
183	1cbg	A
324	1cbg	A
326	1cbg	A
397	1cbg	A
18	1cc1	S
21	1cc1	S
23	1cc1	L
70	1cc1	L
73	1cc1	L
77	1cc1	L
126	1cc1	S
164	1cc1	S
208	1cc1	S
211	1cc1	S
231	1cc1	S
237	1cc1	S
246	1cc1	S
258	1cc1	S
264	1cc1	S
267	1cc1	S
425	1cc1	L
492	1cc1	L
495	1cc1	L
227	1cdg	A
229	1cdg	A
257	1cdg	A
327	1cdg	A
328	1cdg	A
212	1cel	A
214	1cel	A
217	1cel	A
228	1cel	A
99	1cev	A
122	1cev	A
124	1cev	A
126	1cev	A
139	1cev	A
226	1cev	A
228	1cev	A
271	1cev	A
140	1cf2	P
219	1cf2	P
71	1cfr	A
134	1cfr	A
190	1cfr	A
204	1cfr	A
112	1cg2	A
141	1cg2	A
175	1cg2	A
176	1cg2	A
200	1cg2	A
385	1cg2	A
220	1cg6	A
222	1cg6	A
164	1cgk	A
215	1cgk	A
303	1cgk	A
336	1cgk	A
164	1chd	A
165	1chd	A
190	1chd	A
283	1chd	A
286	1chd	A
22	1chk	A
40	1chk	A
45	1chk	A
232	1chm	A
262	1chm	A
358	1chm	A
75	1ci8	A
78	1ci8	A
133	1ci8	A
135	1ci8	A
152	1ci8	A
181	1ci8	A
186	1ci8	A
253	1ci8	A
348	1ci8	A
351	1ci8	A
396	1cju	A
397	1cju	A
440	1cju	A
1029	1cju	B
1065	1cju	B
197	1cjy	A
198	1cjy	A
228	1cjy	A
549	1cjy	A
58	1cl1	A
111	1cl1	A
185	1cl1	A
210	1cl1	A
563	1cm0	B
568	1cm0	B
570	1cm0	B
571	1cm0	B
572	1cm0	B
574	1cm0	B
606	1cm0	B
637	1cm0	B
640	1cm0	B
67	1cns	A
89	1cns	A
361	1coy	A
447	1coy	A
485	1coy	A
109	1cqj	B
197	1cqj	B
208	1cqj	A
246	1cqj	A
40	1cqq	A
71	1cqq	A
145	1cqq	A
147	1cqq	A
48	1cs1	C
101	1cs1	A
173	1cs1	A
198	1cs1	A
1	1ct9	A
50	1ct9	A
74	1ct9	A
75	1ct9	A
321	1ct9	A
324	1ct9	A
311	1ctn	A
313	1ctn	A
315	1ctn	A
390	1ctn	A
102	1ctt	A
104	1ctt	A
129	1ctt	A
132	1ctt	A
38	1cv2	A
108	1cv2	A
109	1cv2	A
132	1cv2	A
272	1cv2	A
152	1cvr	A
211	1cvr	A
212	1cvr	A
244	1cvr	A
69	1cw0	A
97	1cw0	A
293	1cwy	A
340	1cwy	A
395	1cwy	A
61	1cz0	A
98	1cz0	A
105	1cz0	A
192	1cz1	A
292	1cz1	A
180	1czf	A
201	1czf	A
202	1czf	A
223	1czf	A
256	1czf	A
258	1czf	A
174	1d0s	A
317	1d0s	A
111	1d2r	A
192	1d2r	A
195	1d2r	A
150	1d2t	A
183	1d2t	A
189	1d2t	A
193	1d2t	A
145	1d3g	A
149	1d3g	A
215	1d3g	A
217	1d3g	A
218	1d3g	A
255	1d3g	A
284	1d3g	A
149	1d4a	A
155	1d4a	A
161	1d4a	A
92	1d5r	A
124	1d5r	A
130	1d5r	A
7	1d6m	A
8	1d6m	A
103	1d6m	A
105	1d6m	A
328	1d6m	A
330	1d6m	A
26	1d6o	A
36	1d6o	A
37	1d6o	A
56	1d6o	A
82	1d6o	A
99	1d6o	A
138	1d7r	A
210	1d7r	A
243	1d7r	A
246	1d7r	A
272	1d7r	A
406	1d7r	A
270	1d8c	A
272	1d8c	A
338	1d8c	A
427	1d8c	A
455	1d8c	A
631	1d8c	A
164	1d8d	A
248	1d8d	B
291	1d8d	B
294	1d8d	B
297	1d8d	B
299	1d8d	B
300	1d8d	B
352	1d8d	B
359	1d8d	B
362	1d8d	B
305	1d8h	A
307	1d8h	A
393	1d8h	A
409	1d8h	A
456	1d8h	A
496	1d8h	A
21	1d8t	A
31	1daa	A
145	1daa	A
177	1daa	A
201	1daa	A
132	1db3	A
134	1db3	A
156	1db3	A
160	1db3	A
33	1dbt	A
60	1dbt	A
62	1dbt	A
65	1dbt	B
123	1dbt	A
215	1dbt	A
117	1dci	A
173	1dci	A
176	1dci	A
196	1dci	A
204	1dci	A
58	1dco	A
62	1dco	A
63	1dco	A
80	1dco	A
81	1dco	A
89	1dco	A
163	1dd8	A
298	1dd8	A
328	1dd8	A
333	1dd8	A
390	1dd8	A
392	1dd8	A
50	1de3	A
96	1de3	A
137	1de3	A
193	1de6	A
234	1de6	A
236	1de6	A
267	1de6	A
270	1de6	A
294	1de6	A
302	1de6	A
304	1de6	A
334	1de6	A
72	1dea	A
141	1dea	A
143	1dea	A
148	1dea	A
68	1dek	A
206	1dek	A
22	1deu	A
31	1deu	A
180	1deu	A
200	1deu	A
657	1dgk	N
114	1dgs	A
116	1dgs	A
118	1dgs	A
221	1dgs	A
312	1dgs	A
406	1dgs	A
409	1dgs	A
422	1dgs	A
427	1dgs	A
22	1dhf	A
30	1dhf	A
133	1dhp	A
161	1dhp	A
203	1dhp	A
146	1dhr	A
150	1dhr	A
92	1di1	A
112	1di1	A
178	1di1	A
206	1di1	A
333	1di1	A
649	1dii	C
650	1dii	C
167	1dii	A
177	1dii	A
286	1dii	A
367	1dii	A
380	1dii	A
384	1dii	A
436	1dii	A
473	1dii	A
474	1dii	A
512	1dii	A
36	1din	A
37	1din	A
85	1din	A
123	1din	A
124	1din	A
171	1din	A
202	1din	A
141	1dio	A
143	1dio	A
170	1dio	A
221	1dio	A
296	1dio	A
335	1dio	A
362	1dio	A
218	1diz	A
222	1diz	A
238	1diz	A
58	1dj0	A
60	1dj0	A
205	1dj0	A
48	1dj1	A
52	1dj1	A
191	1dj1	A
890	1djl	A
925	1djl	A
1006	1djl	A
1020	1djo	A
1034	1djo	A
1100	1djo	A
1101	1djo	A
1173	1djo	A
1294	1djo	B
311	1djx	A
312	1djx	A
341	1djx	A
343	1djx	A
356	1djx	A
390	1djx	A
47	1dki	A
195	1dki	A
59	1dl5	A
22	1dlg	B
23	1dlg	B
115	1dlg	B
120	1dlg	B
305	1dlg	B
397	1dlg	B
118	1dli	A
145	1dli	A
204	1dli	A
208	1dli	A
260	1dli	A
264	1dli	A
116	1dmu	A
142	1dmu	A
143	1dmu	A
144	1dmu	A
39	1dnk	A
76	1dnk	A
78	1dnk	A
134	1dnk	A
168	1dnk	A
212	1dnk	A
252	1dnk	A
274	1dnp	A
277	1dnp	A
306	1dnp	A
341	1dnp	A
359	1dnp	A
382	1dnp	A
14	1do6	A
15	1do6	A
112	1do8	A
165	1do8	A
183	1do8	A
255	1do8	A
256	1do8	A
278	1do8	A
279	1do8	A
421	1do8	A
72	1doc	A
201	1doc	A
293	1doc	A
297	1doc	A
385	1doc	A
177	1dpg	A
178	1dpg	A
240	1dpg	A
35	1dpx	A
52	1dpx	A
559	1dqa	B
691	1dqa	A
767	1dqa	A
866	1dqa	B
210	1dqr	A
216	1dqr	A
271	1dqr	A
272	1dqr	A
357	1dqr	A
388	1dqr	A
518	1dqr	A
130	1dqs	B
152	1dqs	A
194	1dqs	A
250	1dqs	A
260	1dqs	A
264	1dqs	A
268	1dqs	A
271	1dqs	A
275	1dqs	A
287	1dqs	A
57	1ds2	E
102	1ds2	E
193	1ds2	E
195	1ds2	E
76	1dtw	B
162	1dtw	A
291	1dtw	A
292	1dtw	A
17	1dty	A
144	1dty	A
245	1dty	A
274	1dty	A
29	1dup	A
71	1dup	A
73	1dup	A
80	1dup	A
90	1dup	A
96	1dw9	A
99	1dw9	A
122	1dw9	A
50	1dxe	A
75	1dxe	A
89	1dxe	A
153	1dxe	A
179	1dxe	A
230	1e0c	A
231	1e0c	A
232	1e0c	A
233	1e0c	A
234	1e0c	A
235	1e0c	A
236	1e0c	A
131	1e19	A
215	1e19	A
277	1e19	A
37	1e1a	A
287	1e1a	A
78	1e2a	A
80	1e2a	A
82	1e2a	A
39	1e2t	A
64	1e2t	A
69	1e2t	A
107	1e2t	A
122	1e2t	A
46	1e3i	A
47	1e3i	A
48	1e3i	A
67	1e3i	A
178	1e3i	A
182	1e3i	A
16	1e3v	A
40	1e3v	A
100	1e3v	A
103	1e3v	A
19	1e4e	A
22	1e4e	A
99	1e4e	A
244	1e4e	A
250	1e4e	A
290	1e4e	A
311	1e4e	A
315	1e4e	A
126	1e5q	A
55	1e6e	A
159	1e6e	A
376	1e6e	A
377	1e6e	A
107	1e6u	A
108	1e6u	A
109	1e6u	A
136	1e6u	A
140	1e6u	A
179	1e6u	A
1	1ea0	A
231	1ea0	A
232	1ea0	A
479	1ea0	A
886	1ea0	A
937	1ea0	A
106	1eb6	A
129	1eb6	A
219	1ebf	A
223	1ebf	A
205	1ec9	A
207	1ec9	A
235	1ec9	A
237	1ec9	A
260	1ec9	A
289	1ec9	A
313	1ec9	A
339	1ec9	A
341	1ec9	A
1	1ecf	A
27	1ecf	A
101	1ecf	A
102	1ecf	A
258	1ecf	A
9	1ecl	A
111	1ecl	A
319	1ecl	A
321	1ecl	A
365	1ecl	A
98	1eej	A
100	1eej	A
101	1eej	A
125	1eej	A
66	1ef8	A
110	1ef8	A
140	1ef8	A
1074	1eg7	A
1076	1eg7	A
1097	1eg7	A
1108	1eg7	A
1276	1eg7	A
1304	1eg7	A
1384	1eg7	A
1412	1eg7	A
41	1eh5	A
115	1eh5	A
116	1eh5	A
233	1eh5	A
289	1eh5	A
114	1eh6	A
137	1eh6	A
145	1eh6	A
146	1eh6	A
172	1eh6	A
86	1ehk	B
88	1ehk	B
233	1ehk	A
237	1ehk	A
384	1ehk	A
385	1ehk	A
386	1ehk	A
449	1ehk	A
450	1ehk	A
38	1ehy	A
107	1ehy	A
108	1ehy	A
152	1ehy	A
215	1ehy	A
246	1ehy	A
275	1ehy	A
62	1ei5	A
65	1ei5	A
153	1ei5	A
155	1ei5	A
287	1ei5	A
114	1elu	A
197	1elu	A
199	1elu	A
200	1elu	A
223	1elu	A
360	1elu	A
150	1emd	A
177	1emd	A
41	1en7	A
43	1en7	A
65	1en7	A
105	1en7	B
116	1eq2	A
140	1eq2	A
178	1eq2	A
14	1esc	A
66	1esc	A
106	1esc	A
280	1esc	A
283	1esc	A
38	1et0	A
159	1et0	A
193	1et0	A
114	1eu1	A
116	1eu1	A
64	1eug	A
66	1eug	A
77	1eug	A
187	1eug	A
92	1euu	A
260	1euu	A
370	1euu	A
34	1euy	A
260	1euy	A
270	1euy	A
210	1evy	A
267	1evy	A
285	1ex1	A
491	1ex1	A
26	1exn	A
68	1exn	A
83	1exn	A
86	1exn	A
128	1exn	A
131	1exn	A
153	1exn	A
155	1exn	A
201	1exn	A
204	1exn	A
127	1exp	A
169	1exp	A
205	1exp	A
233	1exp	A
235	1exp	A
292	1ey2	A
335	1ey2	A
341	1ey2	A
365	1ey2	A
371	1ey2	A
98	1ey3	A
141	1ey3	A
144	1ey3	A
164	1ey3	A
68	1eyi	A
74	1eyi	A
97	1eyi	A
98	1eyi	A
118	1eyi	A
120	1eyi	A
121	1eyi	A
280	1eyi	A
48	1eyq	A
97	1eyq	A
106	1eyq	A
160	1ez1	A
162	1ez1	A
286	1ez1	A
287	1ez1	A
362	1ez1	A
171	1ezf	A
218	1ezf	A
228	1ezf	A
288	1ezf	A
161	1ezv	E
202	1ezv	C
206	1ezv	C
228	1ezv	C
229	1ezv	C
272	1ezv	C
51	1f2d	A
269	1f2d	A
295	1f2d	A
43	1f2v	A
18	1f48	A
21	1f48	A
153	1f61	A
180	1f61	A
191	1f61	A
193	1f61	A
228	1f61	A
315	1f61	A
317	1f61	A
95	1f6d	A
117	1f6d	A
131	1f6d	A
213	1f6d	A
215	1f6d	A
246	1f6d	A
29	1f75	A
46	1f75	A
140	1f75	A
156	1f7u	A
159	1f7u	A
162	1f7u	A
35	1f80	E
62	1f80	A
105	1f80	B
223	1f8r	A
326	1f8r	A
7	1f8x	A
72	1f8x	A
92	1f8x	A
98	1f8x	A
5	1f9z	B
56	1f9z	B
74	1f9z	A
122	1f9z	A
215	1fa0	A
110	1fbx	A
111	1fbx	A
112	1fbx	A
113	1fbx	A
151	1fbx	A
179	1fbx	A
181	1fbx	A
213	1fc4	A
244	1fc4	A
254	1fcb	A
282	1fcb	A
373	1fcb	A
111	1fcq	A
113	1fcq	A
184	1fcq	A
227	1fcq	A
301	1fcq	A
137	1fdy	A
165	1fdy	A
61	1fft	A
71	1fft	A
75	1fft	A
79	1fft	A
103	1fft	A
124	1fft	A
135	1fft	A
142	1fft	A
145	1fft	A
149	1fft	A
201	1fft	A
204	1fft	A
211	1fft	A
284	1fft	A
286	1fft	A
288	1fft	A
299	1fft	A
315	1fft	A
359	1fft	A
362	1fft	A
419	1fft	A
420	1fft	A
421	1fft	A
100	1fgh	A
101	1fgh	A
165	1fgh	A
447	1fgh	A
642	1fgh	A
644	1fgh	A
233	1fgj	A
267	1fgj	A
268	1fgj	A
334	1fgj	A
467	1fgj	A
45	1fhl	A
136	1fhl	A
246	1fhl	A
95	1fnb	A
96	1fnb	A
272	1fnb	A
312	1fnb	A
314	1fnb	A
47	1fo6	A
110	1fo6	A
127	1fo6	A
146	1fo6	A
172	1fo6	A
197	1fo6	A
291	1foa	A
54	1foh	A
281	1foh	A
289	1foh	A
364	1foh	A
71	1fps	A
112	1fps	A
117	1fps	A
121	1fps	A
126	1fps	A
188	1fps	A
214	1fps	A
253	1fps	A
257	1fps	A
258	1fps	A
45	1fq0	A
49	1fq0	A
133	1fq0	A
5	1fr2	B
100	1fr2	B
102	1fr2	B
103	1fr2	B
252	1fr8	A
317	1fr8	A
318	1fr8	A
337	1fui	A
361	1fui	A
528	1fui	A
188	1fuq	A
324	1fuq	B
331	1fuq	B
72	1fva	A
103	1fva	A
115	1fva	A
150	1fva	A
155	1fva	A
218	1fva	A
227	1fva	A
134	1fwj	C
136	1fwj	C
217	1fwj	C
219	1fwj	C
221	1fwj	C
246	1fwj	C
272	1fwj	C
320	1fwj	C
336	1fwj	C
360	1fwj	C
183	1fwk	A
88	1fy2	A
120	1fy2	A
121	1fy2	A
157	1fy2	A
192	1fy2	A
214	1g24	A
70	1g2i	A
71	1g2i	A
74	1g2i	C
100	1g2i	A
101	1g2i	A
120	1g2i	A
37	1g64	A
39	1g64	A
41	1g64	A
42	1g64	A
43	1g64	A
51	1g64	B
91	1g64	A
93	1g64	A
128	1g64	A
49	1g6t	A
94	1g6t	A
313	1g6t	A
341	1g6t	A
385	1g6t	A
386	1g6t	A
411	1g6t	A
171	1g72	A
255	1g72	A
297	1g72	A
197	1g79	A
196	1g8f	A
197	1g8f	A
201	1g8f	A
204	1g8f	A
290	1g8f	A
24	1g8k	A
62	1g8k	B
81	1g8k	B
98	1g8k	A
99	1g8k	A
238	1g8k	A
289	1g8p	A
10	1g99	A
91	1g99	A
148	1g99	A
212	1g99	A
241	1g99	A
130	1ga8	A
188	1ga8	A
189	1ga8	A
516	1gal	A
67	1gcb	A
73	1gcb	A
369	1gcb	A
392	1gcb	A
96	1gcu	A
97	1gcu	A
123	1gcu	A
126	1gcu	A
170	1gcu	A
171	1gcu	A
269	1gdh	A
287	1gdh	A
118	1ge7	A
133	1ge7	A
279	1ggt	A
314	1ggt	A
373	1ggt	A
396	1ggt	A
560	1ggt	A
231	1ghs	A
279	1ghs	A
282	1ghs	A
288	1ghs	A
13	1gim	A
16	1gim	A
40	1gim	A
41	1gim	A
224	1gim	A
19	1glo	A
25	1glo	A
164	1glo	A
184	1glo	A
228	1gog	A
272	1gog	A
290	1gog	A
495	1gog	A
496	1gog	A
581	1gog	A
238	1goj	A
106	1gox	A
129	1gox	A
155	1gox	A
230	1gox	A
254	1gox	A
45	1gp1	A
80	1gp1	A
158	1gp1	A
213	1gp5	A
377	1gpb	A
568	1gpb	A
569	1gpb	A
574	1gpb	A
676	1gpb	A
680	1gpb	A
48	1gpj	A
84	1gpj	A
59	1gpm	A
86	1gpm	A
87	1gpm	A
181	1gpm	A
183	1gpm	A
239	1gpm	A
381	1gpm	A
66	1gpr	A
68	1gpr	A
83	1gpr	A
113	1gq8	A
135	1gq8	A
136	1gq8	A
157	1gq8	A
73	1gqg	A
106	1grc	A
108	1grc	A
135	1grc	A
144	1grc	A
125	1gsa	A
160	1gsa	A
210	1gsa	A
225	1gsa	A
233	1gsa	A
273	1gsa	A
281	1gsa	A
283	1gsa	A
117	1gt7	A
171	1gt7	A
83	1gtk	A
84	1gtk	A
131	1gtk	A
132	1gtk	A
149	1gtk	A
155	1gtk	A
242	1gtk	A
15	1gu1	A
16	1gu1	A
23	1gu1	A
28	1gu1	A
79	1gu1	A
82	1gu1	A
104	1gu1	A
106	1gu1	A
113	1gu1	A
79	1guf	A
158	1gxs	A
270	1gxs	A
164	1gz6	A
168	1gz6	A
205	1gzg	A
260	1gzg	A
11	1h1z	A
36	1h1z	A
38	1h1z	A
40	1h1z	A
69	1h1z	A
71	1h1z	A
144	1h1z	A
178	1h1z	A
45	1h3b	A
93	1h3b	A
127	1h3b	A
169	1h3b	A
262	1h3b	A
312	1h3b	A
365	1h3b	A
374	1h3b	A
376	1h3b	A
377	1h3b	A
420	1h3b	A
451	1h3b	A
489	1h3b	A
495	1h3b	A
601	1h3b	A
605	1h3b	A
609	1h3b	A
245	1h3i	A
293	1h3i	A
297	1h3i	A
305	1h3i	A
335	1h3i	A
487	1h54	A
78	1h7a	A
79	1h7a	A
288	1h7a	A
290	1h7a	A
292	1h7a	A
311	1h7a	A
441	1h7a	A
446	1h7a	A
580	1h7a	A
671	1h7x	A
51	1hdh	A
55	1hdh	A
113	1hdh	A
115	1hdh	A
211	1hdh	A
317	1hdh	A
375	1hdh	A
156	1hfe	L
159	1hfe	L
178	1hfe	L
198	1hfe	L
237	1hfe	L
240	1hfe	L
245	1hfe	L
382	1hfe	L
202	1hfs	A
9	1ho1	A
12	1ho1	A
45	1ho1	A
47	1ho1	A
51	1ho1	A
72	1ho1	A
103	1ho1	A
153	1ho1	A
193	1ho1	A
10	1hoz	A
15	1hoz	A
40	1hoz	A
83	1hoz	A
137	1hoz	A
186	1hoz	A
260	1hoz	A
261	1hoz	A
77	1hpl	A
152	1hpl	A
153	1hpl	A
176	1hpl	A
263	1hpl	A
146	1hqc	A
205	1hqc	A
73	1hr6	B
125	1hrd	A
165	1hrd	A
164	1hrk	A
165	1hrk	A
263	1hrk	A
340	1hrk	A
343	1hrk	A
347	1hrk	A
271	1hs6	A
295	1hs6	A
296	1hs6	A
299	1hs6	A
318	1hs6	A
375	1hs6	A
383	1hs6	A
1	1ht1	A
33	1ht1	A
45	1ht1	A
124	1ht1	A
50	1hto	A
327	1hto	A
339	1hto	A
18	1hv9	A
52	1hxq	A
55	1hxq	A
115	1hxq	A
153	1hxq	A
161	1hxq	A
164	1hxq	A
166	1hxq	A
168	1hxq	A
47	1hy3	A
107	1hy3	A
137	1hy3	A
126	1hyo	A
133	1hyo	A
199	1hyo	A
201	1hyo	A
233	1hyo	A
237	1hyo	A
240	1hyo	A
253	1hyo	A
257	1hyo	A
364	1hyo	A
141	1hzd	A
186	1hzd	A
189	1hzd	A
209	1hzd	A
991	1hzf	A
994	1hzf	A
55	1hzy	A
57	1hzy	A
169	1hzy	A
201	1hzy	A
230	1hzy	A
233	1hzy	A
254	1hzy	A
301	1hzy	A
127	1hzz	A
132	1hzz	A
132	1hzz	C
135	1hzz	A
138	1hzz	A
235	1hzz	A
121	1i19	A
311	1i19	A
475	1i19	A
477	1i19	A
267	1i1e	A
369	1i1e	A
372	1i1e	A
503	1i1i	P
613	1i1i	P
123	1i29	A
200	1i29	A
226	1i29	A
364	1i29	A
409	1i58	A
44	1i6p	A
46	1i6p	A
83	1i78	A
85	1i78	A
99	1i78	A
210	1i78	A
212	1i78	A
170	1i8t	A
174	1i8t	A
247	1i8t	B
278	1i8t	A
298	1i8t	A
346	1i8t	B
348	1i8t	A
154	1idj	A
176	1idj	A
236	1idj	A
239	1idj	A
14	1idt	A
74	1idt	A
165	1idt	A
158	1ig8	A
173	1ig8	A
211	1ig8	A
51	1igs	A
53	1igs	A
110	1igs	A
159	1igs	A
180	1igs	A
210	1igs	A
211	1igs	A
46	1ile	A
85	1ile	A
518	1ile	A
554	1ile	A
558	1ile	A
591	1ile	A
594	1ile	A
10	1im5	A
94	1im5	A
129	1im5	A
133	1im5	A
70	1ima	A
95	1ima	A
158	1inp	A
128	1iph	A
201	1iph	A
392	1iph	A
1132	1ir3	A
1136	1ir3	A
64	1it4	A
85	1it4	A
20	1itq	A
22	1itq	A
125	1itq	A
152	1itq	A
198	1itq	A
219	1itq	A
288	1itq	A
200	1itx	A
204	1itx	A
64	1iu4	A
255	1iu4	A
269	1iu4	A
272	1iu4	A
274	1iu4	A
135	1ivh	A
136	1ivh	A
254	1ivh	A
387	1ivh	A
159	1iyd	A
10	1j00	A
44	1j00	A
73	1j00	A
154	1j00	A
157	1j00	A
246	1j09	A
12	1j21	A
92	1j21	A
121	1j21	A
173	1j21	A
122	1j2u	A
178	1j2u	A
236	1j49	A
260	1j49	A
265	1j49	A
297	1j49	A
14	1j53	A
61	1j53	A
162	1j53	A
250	1j79	A
78	1j7g	A
79	1j7g	A
80	1j7g	A
12	1jc5	A
48	1jc5	A
65	1jc5	A
91	1jc5	A
141	1jc5	A
510	1jch	A
513	1jch	A
517	1jch	A
545	1jch	A
120	1jdi	A
229	1jdi	A
170	1jdw	A
254	1jdw	A
303	1jdw	A
305	1jdw	A
407	1jdw	A
68	1jen	A
82	1jen	A
93	1jfg	A
96	1jfg	A
97	1jfg	A
100	1jfg	A
182	1jfg	A
232	1jfg	A
304	1jfg	A
305	1jfg	A
48	1jfl	A
82	1jfl	A
84	1jfl	A
124	1jfl	A
164	1jfl	A
194	1jfl	A
42	1jh6	A
117	1jh6	A
119	1jh6	A
121	1jh6	A
124	1jh6	A
118	1jhf	A
119	1jhf	A
127	1jhf	A
152	1jhf	A
156	1jhf	A
127	1jkm	A
128	1jkm	A
202	1jkm	A
233	1jkm	A
238	1jkm	A
308	1jkm	A
338	1jkm	A
1239	1jm6	A
1243	1jm6	A
434	1jms	A
48	1jnr	B
74	1jnr	A
141	1jnr	A
234	1jnr	A
265	1jnr	A
361	1jnr	A
398	1jnr	A
449	1jnr	A
148	1jof	A
196	1jof	A
212	1jof	A
274	1jof	A
138	1jqn	A
396	1jqn	A
581	1jqn	A
713	1jqn	A
310	1jrp	B
730	1jrp	B
55	1js4	A
58	1js4	A
424	1js4	A
44	1ju3	A
117	1ju3	A
118	1ju3	A
166	1ju3	A
259	1ju3	A
287	1ju3	A
1	1jxa	A
26	1jxa	A
74	1jxa	A
98	1jxa	A
99	1jxa	A
481	1jxa	A
485	1jxa	A
488	1jxa	A
504	1jxa	A
603	1jxa	A
176	1jxh	A
210	1jxh	A
258	1k0g	A
274	1k0g	A
139	1k30	A
144	1k30	A
746	1k32	A
918	1k32	A
965	1k32	A
966	1k32	A
41	1k4l	A
66	1k4l	A
94	1k4l	A
99	1k4l	A
136	1k4l	A
174	1k4l	A
1	1k82	A
2	1k82	A
56	1k82	A
258	1k82	A
326	1kae	A
327	1kae	A
163	1kas	A
303	1kas	A
314	1kas	A
335	1kas	A
340	1kas	A
400	1kas	A
71	1kaz	A
22	1kc7	A
92	1kc7	A
101	1kc7	A
103	1kc7	A
337	1kc7	A
455	1kc7	A
764	1kc7	A
831	1kc7	A
851	1kc7	A
172	1kcz	A
194	1kcz	A
238	1kcz	A
273	1kcz	A
307	1kcz	A
329	1kcz	A
331	1kcz	A
609	1kdg	A
689	1kdg	A
732	1kdg	A
142	1kei	A
143	1kei	A
146	1kei	A
157	1kei	A
166	1kei	A
226	1kei	A
231	1kei	A
142	1kez	A
143	1kez	A
169	1kez	A
259	1kez	A
99	1kfu	L
105	1kfu	L
262	1kfu	L
286	1kfu	L
288	1kfu	L
62	1kim	A
83	1kim	A
163	1kim	A
220	1kim	A
222	1kim	A
225	1kim	A
124	1kl7	A
290	1knp	A
351	1knp	A
386	1knp	A
145	1kny	A
149	1kny	A
169	1kq3	A
252	1kq3	A
255	1kq3	A
269	1kq3	A
169	1kqf	C
196	1kqf	A
197	1kqf	A
50	1kqp	A
162	1kqp	A
70	1ksj	A
281	1kws	A
141	1kyq	A
269	1kyw	A
82	1kzh	A
146	1kzh	A
203	1kzh	A
204	1kzh	A
206	1kzh	A
2	1kzl	A
41	1kzl	A
48	1kzl	A
50	1kzl	A
64	1kzl	A
102	1kzl	A
148	1kzl	A
46	1l0o	A
105	1l0o	A
440	1l1d	A
480	1l1d	A
484	1l1d	A
493	1l1d	A
495	1l1d	A
119	1l1l	A
406	1l1l	A
408	1l1l	A
410	1l1l	A
419	1l1l	A
731	1l1l	A
736	1l1l	A
63	1l1r	A
100	1l1r	A
39	1l6g	A
136	1l6g	A
166	1l6g	A
219	1l6g	A
265	1l6g	B
311	1l6g	B
313	1l6g	B
42	1l6p	A
68	1l6p	A
70	1l6p	A
71	1l6p	A
103	1l6p	A
109	1l6p	A
11	1l7n	A
12	1l7n	A
13	1l7n	A
100	1l7n	A
144	1l7n	A
171	1l7n	A
28	1l8s	A
30	1l8s	A
32	1l8s	A
48	1l8s	A
49	1l8s	A
52	1l8s	A
73	1l8s	A
99	1l8s	A
44	1l8t	A
190	1l8t	A
110	1l9x	A
220	1l9x	A
262	1lam	A
336	1lam	A
46	1lba	A
128	1lba	A
7	1lbm	A
126	1lbm	A
189	1lbu	A
192	1lbu	A
194	1lbu	A
195	1lbu	A
60	1lcb	A
82	1lcb	A
146	1lcb	A
198	1lcb	A
218	1lcb	A
221	1lcb	A
106	1ldm	A
166	1ldm	A
169	1ldm	A
193	1ldm	A
136	1lij	A
318	1lij	A
10	1ljl	A
11	1ljl	A
12	1ljl	A
13	1ljl	A
14	1ljl	A
15	1ljl	A
16	1ljl	A
17	1ljl	A
82	1ljl	A
89	1ljl	A
105	1ljl	A
265	1lml	A
713	1lnh	A
97	1lok	A
117	1lok	A
151	1lok	A
152	1lok	A
179	1lok	A
256	1lok	A
55	1ls3	B
57	1ls3	A
200	1ls3	A
226	1ls3	A
229	1ls3	A
235	1ls3	A
15	1ltq	A
35	1ltq	A
126	1ltq	A
165	1ltq	A
44	1luc	A
45	1luc	A
1	1lws	A
76	1lws	A
78	1lws	A
79	1lws	A
301	1lws	A
403	1lws	A
433	1lws	A
434	1lws	A
454	1lws	A
249	1lwy	A
268	1lwy	A
125	1lxa	A
126	1lxa	A
143	1lxa	A
123	1m21	A
202	1m21	A
226	1m21	A
46	1m3s	A
57	1m3s	A
60	1m3s	A
88	1m3s	A
149	1m3s	A
152	1m3s	A
160	1m3s	A
69	1m4l	A
72	1m4l	A
127	1m4l	A
196	1m4l	A
270	1m4l	A
241	1m53	A
295	1m53	A
119	1m54	A
67	1m6k	A
70	1m6k	A
115	1m6k	A
120	1m6k	A
160	1m6k	A
215	1m6k	A
55	1m9c	A
60	1m9c	A
63	1m9c	A
102	1m9c	A
113	1m9c	A
122	1m9c	A
126	1m9c	A
348	1mb9	A
382	1mb9	A
443	1mb9	A
159	1mbb	A
229	1mbb	A
325	1mbb	A
26	1mcz	B
28	1mcz	B
47	1mcz	B
70	1mcz	B
281	1mcz	A
401	1mcz	A
36	1mek	A
37	1mek	A
38	1mek	A
39	1mek	A
108	1mg5	A
139	1mg5	A
152	1mg5	A
156	1mg5	A
95	1mhl	A
239	1mhl	C
81	1mht	A
119	1mht	A
163	1mht	A
165	1mht	A
151	1mhy	D
213	1mhy	D
304	1mj9	A
338	1mj9	A
70	1mkb	A
76	1mkb	A
79	1mkb	A
80	1mkb	A
84	1mkb	B
74	1mki	A
77	1mki	A
201	1mki	A
253	1mki	A
271	1mki	A
11	1mla	A
92	1mla	A
93	1mla	A
117	1mla	A
201	1mla	A
250	1mla	A
287	1mlv	A
164	1mns	A
166	1mns	A
195	1mns	A
197	1mns	A
221	1mns	A
247	1mns	A
270	1mns	A
297	1mns	A
317	1mns	A
78	1mok	A
82	1mok	A
87	1mok	A
137	1mok	A
501	1mok	A
82	1mpx	A
174	1mpx	A
175	1mpx	A
307	1mpx	A
340	1mpx	A
153	1mpy	A
199	1mpy	A
214	1mpy	A
246	1mpy	A
255	1mpy	A
265	1mpy	A
64	1mqw	A
142	1mqw	A
147	1mro	A
333	1mro	E
367	1mro	E
465	1mro	A
501	1mro	A
50	1mrq	A
55	1mrq	A
84	1mrq	A
117	1mrq	A
109	1mt1	B
142	1mt5	A
217	1mt5	A
218	1mt5	A
238	1mt5	A
239	1mt5	A
240	1mt5	A
241	1mt5	A
37	1mud	A
138	1mud	A
18	1mug	A
43	1mum	A
58	1mum	A
85	1mum	A
87	1mum	A
113	1mum	A
115	1mum	A
123	1mum	A
158	1mum	A
188	1mum	A
210	1mum	A
90	1mvn	A
175	1mvn	A
95	1myr	A
187	1myr	A
190	1myr	A
328	1myr	A
330	1myr	A
409	1myr	A
139	1n0h	A
202	1n0h	A
251	1n0h	A
582	1n0h	B
44	1n1d	A
46	1n1d	A
323	1n20	A
344	1n20	A
452	1n20	A
578	1n20	A
10	1n2c	E
15	1n2c	F
41	1n2c	F
62	1n2c	A
65	1n2c	A
96	1n2c	A
129	1n2c	E
153	1n2c	B
157	1n2c	B
195	1n2c	A
240	1n62	B
387	1n62	B
388	1n62	B
763	1n62	B
51	1nba	A
144	1nba	A
172	1nba	A
173	1nba	A
177	1nba	A
218	1nbf	A
223	1nbf	A
464	1nbf	A
481	1nbf	A
49	1ndh	A
65	1ndh	A
66	1ndh	A
245	1ndh	A
343	1ndi	A
554	1ndi	A
104	1ndo	A
205	1ndo	E
208	1ndo	E
213	1ndo	E
362	1ndo	E
16	1ndp	B
56	1ndp	B
119	1ndp	B
122	1ndp	B
133	1ndp	B
37	1nf9	A
38	1nf9	A
122	1nf9	A
25	1nfs	A
32	1nfs	A
67	1nfs	A
69	1nfs	A
87	1nfs	A
104	1nfs	A
114	1nfs	A
116	1nfs	A
161	1nfs	A
87	1nhx	A
235	1nhx	A
244	1nhx	A
264	1nhx	A
286	1nhx	A
288	1nhx	A
311	1nhx	A
405	1nhx	A
95	1nia	A
98	1nia	A
100	1nia	A
135	1nia	A
136	1nia	A
145	1nia	A
150	1nia	A
255	1nia	B
279	1nia	B
280	1nia	B
306	1nia	B
47	1nir	A
50	1nir	A
51	1nir	A
88	1nir	A
327	1nir	A
369	1nir	A
54	1nln	A
71	1nln	A
115	1nln	A
122	1nln	A
80	1nlu	A
84	1nlu	A
170	1nlu	A
287	1nlu	A
114	1nml	A
59	1nmw	A
113	1nmw	A
157	1nmw	A
9	1nn4	A
10	1nn4	A
66	1nn4	A
137	1nn4	A
549	1nsf	A
631	1nsf	A
708	1nsf	A
21	1nvm	A
291	1nvm	A
102	1nvt	A
178	1nw9	B
237	1nw9	B
238	1nw9	B
287	1nw9	B
53	1nww	A
55	1nww	A
99	1nww	A
101	1nww	A
132	1nww	A
64	1nzy	A
86	1nzy	A
90	1nzy	A
114	1nzy	A
137	1nzy	A
145	1nzy	A
192	1o04	A
268	1o04	A
302	1o04	A
399	1o04	A
1008	1o08	A
1009	1o08	A
1010	1o08	A
1016	1o08	A
1045	1o08	A
1114	1o08	A
1115	1o08	A
1145	1o08	A
1169	1o08	A
1170	1o08	A
62	1o98	A
154	1o98	A
261	1o98	A
178	1o9i	A
369	1oac	A
383	1oac	A
466	1oac	A
524	1oac	A
526	1oac	A
689	1oac	A
41	1oas	A
272	1oas	A
10	1oba	A
92	1oba	A
94	1oba	A
182	1oba	A
211	1odm	A
214	1odm	A
216	1odm	A
270	1odm	A
181	1odt	C
182	1odt	C
269	1odt	C
298	1odt	C
10	1oe8	A
21	1oe8	A
1	1ofd	A
31	1ofd	A
207	1ofd	A
227	1ofd	A
228	1ofd	A
903	1ofd	A
969	1ofd	A
972	1ofd	A
978	1ofd	A
129	1ofg	A
217	1ofg	A
147	1og1	A
159	1og1	A
184	1og1	A
189	1og1	A
376	1ogo	X
395	1ogo	X
56	1ogy	E
152	1ogy	E
153	1ogy	E
346	1ogy	E
383	1ogy	E
384	1ogy	E
8	1oh9	A
11	1oh9	A
45	1oh9	A
162	1oh9	A
217	1oh9	A
189	1ohv	A
298	1ohv	A
329	1ohv	A
353	1ohv	B
10	1oj4	A
141	1oj4	A
61	1okg	A
75	1okg	A
253	1okg	A
255	1okg	A
17	1onr	A
96	1onr	A
132	1onr	A
156	1onr	A
68	1onw	A
70	1onw	A
162	1onw	A
201	1onw	A
230	1onw	A
285	1onw	A
51	1or8	A
144	1or8	A
153	1or8	A
293	1or8	A
223	1ord	A
316	1ord	A
355	1ord	A
103	1oro	A
105	1oro	A
99	1os7	A
101	1os7	A
255	1os7	A
270	1os7	A
2	1otg	A
35	1otg	A
41	1otg	A
141	1oth	A
168	1oth	A
171	1oth	A
263	1oth	A
303	1oth	A
330	1oth	A
246	1oxa	A
360	1oxa	A
37	1oya	A
191	1oya	A
194	1oya	A
196	1oya	A
251	1oya	A
86	1oyg	A
164	1oyg	A
247	1oyg	A
342	1oyg	A
394	1ozh	A
422	1ozh	A
102	1p1x	A
167	1p1x	A
201	1p1x	A
129	1p3d	A
130	1p3d	A
173	1p3d	A
36	1p4n	A
108	1p4n	A
211	1p4n	A
319	1p4n	A
66	1p4r	A
104	1p4r	A
126	1p4r	A
127	1p4r	A
137	1p4r	A
266	1p4r	A
267	1p4r	A
431	1p4r	A
592	1p4r	A
20	1p5d	X
108	1p5d	X
109	1p5d	X
118	1p5d	X
242	1p5d	X
244	1p5d	X
246	1p5d	X
247	1p5d	X
329	1p5d	X
16	1p7m	A
38	1p7m	A
46	1p7m	A
160	1pbg	A
375	1pbg	A
8	1pd2	1
14	1pd2	1
104	1pd2	1
178	1peg	A
283	1peg	A
11	1pfk	A
72	1pfk	A
125	1pfk	A
127	1pfk	A
129	1pfk	A
171	1pfk	A
547	1pfq	A
630	1pfq	A
631	1pfq	A
708	1pfq	A
740	1pfq	A
60	1pgs	A
118	1pgs	A
206	1pgs	A
151	1pix	A
194	1pix	A
417	1pix	A
457	1pix	A
225	1pj5	A
259	1pj5	A
552	1pj5	A
45	1pja	A
111	1pja	A
112	1pja	A
228	1pja	A
283	1pja	A
15	1pjb	A
74	1pjb	A
93	1pjb	A
95	1pjb	A
117	1pjb	A
269	1pjb	A
70	1pjh	A
101	1pjh	A
126	1pjh	A
158	1pjh	A
248	1pjq	A
270	1pjq	A
382	1pjq	A
72	1pkn	A
119	1pkn	A
269	1pkn	A
327	1pkn	A
109	1pmi	A
111	1pmi	A
113	1pmi	A
136	1pmi	A
138	1pmi	A
285	1pmi	A
304	1pmi	A
310	1pmi	A
1	1pnl	B
69	1pnl	B
241	1pnl	B
12	1pnt	A
15	1pnt	A
17	1pnt	A
18	1pnt	A
19	1pnt	A
129	1pnt	A
59	1pow	B
121	1pow	A
122	1pow	A
264	1pow	A
394	1pow	A
479	1pow	A
480	1pow	A
483	1pow	A
9	1pp4	A
42	1pp4	A
74	1pp4	A
192	1pp4	A
195	1pp4	A
56	1pq5	A
99	1pq5	A
192	1pq5	A
193	1pq5	A
194	1pq5	A
195	1pq5	A
76	1ps1	A
77	1ps1	A
80	1ps1	A
84	1ps1	A
157	1ps1	A
173	1ps1	A
219	1ps1	A
223	1ps1	A
226	1ps1	A
227	1ps1	A
230	1ps1	A
308	1ps1	A
309	1ps1	A
164	1ps9	A
166	1ps9	A
214	1ps9	A
252	1ps9	A
339	1ps9	A
269	1psd	A
292	1psd	A
32	1ptd	A
33	1ptd	A
69	1ptd	A
82	1ptd	A
274	1ptd	A
102	1pud	A
280	1pud	A
318	1pud	A
320	1pud	A
323	1pud	A
349	1pud	A
28	1pvd	B
51	1pvd	B
114	1pvd	B
115	1pvd	B
416	1pvd	A
477	1pvd	A
58	1pvi	A
68	1pvi	A
70	1pvi	A
41	1pwh	A
222	1pwh	A
303	1pwh	A
687	1pwv	A
728	1pwv	A
1	1pya	F
62	1pya	A
63	1pya	A
66	1pya	A
81	1pya	E
195	1pya	F
197	1pya	F
56	1pyl	A
67	1pyl	A
71	1pyl	A
86	1pyl	A
46	1pym	A
47	1pym	A
48	1pym	A
58	1pym	A
120	1pym	A
122	1pym	A
123	1pym	A
159	1pym	A
190	1pym	A
175	1pz3	A
294	1pz3	A
82	1q0n	A
92	1q0n	A
95	1q0n	A
97	1q0n	A
100	1q18	A
202	1q3n	A
64	1q3s	A
97	1q3s	A
98	1q3s	A
393	1q3s	A
105	1q51	A
115	1q51	A
161	1q51	A
185	1q51	A
190	1q51	A
287	1q51	B
36	1q6l	A
37	1q6l	A
64	1q6l	A
67	1q6l	B
68	1q6l	B
72	1q6l	B
112	1q6l	A
136	1q6l	A
139	1q6l	A
95	1q6x	A
108	1q6x	A
334	1q6x	A
550	1q6x	A
41	1q91	A
43	1q91	A
38	1qam	A
59	1qam	A
101	1qam	A
104	1qam	A
163	1qam	A
191	1qaz	A
239	1qaz	A
246	1qaz	A
539	1qba	A
540	1qba	A
82	1qd1	A
142	1qd6	C
144	1qd6	C
146	1qd6	C
56	1qdl	B
84	1qdl	B
85	1qdl	B
175	1qdl	B
177	1qdl	B
306	1qdl	A
333	1qdl	A
357	1qdl	A
377	1qdl	A
393	1qdl	A
189	1qe3	A
310	1qe3	A
399	1qe3	A
334	1qf6	A
363	1qf6	A
385	1qf6	A
511	1qf6	A
86	1qfe	A
143	1qfe	A
170	1qfe	A
473	1qfm	A
554	1qfm	A
641	1qfm	A
680	1qfm	A
8	1qfn	A
10	1qfn	A
11	1qfn	A
13	1qfn	A
14	1qfn	A
18	1qfn	A
72	1qfn	A
49	1qgx	A
72	1qgx	A
142	1qgx	A
144	1qgx	A
145	1qgx	A
147	1qgx	A
294	1qgx	A
54	1qh5	A
56	1qh5	A
58	1qh5	A
59	1qh5	A
110	1qh5	A
134	1qh5	A
173	1qh5	A
8	1qhf	A
59	1qhf	A
86	1qhf	A
181	1qhf	A
37	1qhg	A
224	1qhg	A
610	1qhg	A
228	1qho	A
256	1qho	A
329	1qho	A
341	1qi9	A
349	1qi9	A
411	1qi9	A
416	1qi9	A
417	1qi9	A
418	1qi9	A
480	1qi9	A
486	1qi9	A
490	1qi9	A
201	1qib	A
202	1qib	A
205	1qib	A
211	1qib	A
33	1qin	A
99	1qin	A
126	1qin	B
172	1qin	B
365	1qjd	A
378	1qjd	A
381	1qjd	A
402	1qjd	A
504	1qjd	A
505	1qjd	A
544	1qjd	A
169	1qk2	A
174	1qk2	A
175	1qk2	A
181	1qk2	A
221	1qk2	A
401	1qk2	A
57	1ql0	A
89	1ql0	A
110	1ql0	A
119	1ql0	A
127	1ql0	A
46	1qlh	A
48	1qlh	A
51	1qlh	A
67	1qlh	A
174	1qlh	A
14	1qmh	A
309	1qmh	A
51	1qol	A
148	1qol	A
163	1qol	A
105	1qpr	B
140	1qpr	A
172	1qpr	A
201	1qpr	A
222	1qpr	A
8	1qq5	A
12	1qq5	A
39	1qq5	A
114	1qq5	A
115	1qq5	A
147	1qq5	A
171	1qq5	A
173	1qq5	A
175	1qq5	A
176	1qq5	A
62	1qrg	A
75	1qrg	A
84	1qrg	A
202	1qrg	A
145	1qrr	A
180	1qrr	A
182	1qrr	A
183	1qrr	A
186	1qrr	A
603	1qrz	A
646	1qrz	A
741	1qrz	A
742	1qrz	A
156	1qsg	A
163	1qsg	A
258	1qtn	A
317	1qtn	A
350	1qtn	A
360	1qtn	A
37	1qum	A
69	1qum	A
72	1qum	A
109	1qum	A
145	1qum	A
179	1qum	A
182	1qum	A
216	1qum	A
229	1qum	A
231	1qum	A
261	1qum	A
22	1qv0	A
92	1qv0	A
138	1qv0	A
175	1qv0	A
190	1qv0	A
204	1qwn	A
341	1qwn	A
121	1qx3	A
122	1qx3	A
163	1qx3	A
129	1qz9	A
201	1qz9	A
227	1qz9	A
142	1r0m	A
168	1r0m	A
170	1r0m	A
195	1r0m	A
220	1r0m	A
245	1r0m	A
269	1r0m	A
297	1r0m	A
98	1r16	A
179	1r16	A
584	1r1j	A
650	1r1j	A
711	1r1j	A
717	1r1j	A
53	1r30	A
57	1r30	A
60	1r30	A
97	1r30	A
128	1r30	A
188	1r30	A
260	1r30	A
71	1r44	A
181	1r44	A
12	1r4z	A
77	1r4z	A
78	1r4z	A
133	1r4z	A
156	1r4z	A
133	1r6w	A
161	1r6w	A
190	1r6w	A
213	1r6w	A
235	1r6w	A
172	1r76	A
307	1r76	A
156	1ra0	A
217	1ra0	A
166	1rba	A
191	1rba	A
192	1rba	A
287	1rba	A
321	1rba	A
175	1rbl	A
201	1rbl	A
203	1rbl	A
204	1rbl	A
294	1rbl	A
334	1rbl	A
10	1rdd	A
11	1rdd	A
48	1rdd	A
70	1rdd	A
124	1rdd	A
134	1rdd	A
89	1req	A
243	1req	A
244	1req	A
604	1req	A
608	1req	A
610	1req	A
60	1rgq	A
84	1rgq	A
140	1rgq	A
142	1rgq	A
39	1rhc	A
43	1rhc	A
108	1rhc	A
186	1rhs	A
247	1rhs	A
248	1rhs	A
249	1rhs	A
250	1rhs	A
251	1rhs	A
252	1rhs	A
274	1rhs	A
252	1rk2	A
253	1rk2	A
254	1rk2	A
255	1rk2	A
320	1rm0	A
369	1rm0	A
412	1rm0	A
489	1rm0	A
129	1ro7	A
156	1ro7	A
162	1ro7	A
188	1ro7	A
137	1roz	A
288	1roz	A
329	1roz	A
11	1rpt	A
12	1rpt	A
15	1rpt	A
79	1rpt	A
257	1rpt	A
258	1rpt	A
12	1rql	A
14	1rql	A
45	1rql	A
49	1rql	A
53	1rql	A
56	1rql	A
160	1rql	A
186	1rql	A
57	1rtf	B
102	1rtf	B
193	1rtf	B
195	1rtf	B
41	1rtu	A
62	1rtu	A
85	1rtu	A
101	1rtu	A
268	1ru4	A
273	1ru4	A
12	1ruv	A
41	1ruv	A
119	1ruv	A
120	1ruv	A
121	1ruv	A
88	1rvv	A
1	1ryp	I
17	1ryp	I
19	1ryp	I
33	1ryp	I
47	1ryp	I
129	1ryp	I
166	1ryp	I
169	1ryp	I
32	1s01	A
64	1s01	A
155	1s01	A
221	1s01	A
44	1s20	A
53	1s2k	A
136	1s2k	A
106	1s3i	A
142	1s3i	A
96	1s6l	A
99	1s6l	A
159	1s6l	A
631	1s76	D
242	1s95	A
244	1s95	A
271	1s95	A
274	1s95	A
275	1s95	A
303	1s95	A
304	1s95	A
352	1s95	A
400	1s95	A
427	1s95	A
193	1s9c	A
198	1s9c	A
213	1s9c	A
216	1s9c	A
194	1s9i	A
221	1s9i	A
11	1sc9	A
80	1sc9	A
81	1sc9	A
207	1sc9	A
235	1sc9	A
236	1sc9	A
107	1sdw	A
108	1sdw	A
170	1sdw	A
172	1sdw	A
242	1sdw	A
244	1sdw	A
314	1sdw	A
256	1ses	A
271	1ses	A
345	1ses	A
348	1ses	A
386	1ses	A
66	1sg4	A
111	1sg4	A
135	1sg4	A
136	1sg4	A
318	1sll	A
595	1sll	A
713	1sll	A
84	1sml	A
86	1sml	A
88	1sml	A
89	1sml	A
160	1sml	A
191	1sml	A
225	1sml	A
30	1snn	A
55	1snn	A
95	1snn	A
106	1snn	A
147	1snn	A
185	1snn	A
107	1snz	A
176	1snz	A
307	1snz	A
40	1sox	A
65	1sox	A
138	1sox	A
185	1sox	A
322	1sox	A
57	1ssx	A
102	1ssx	A
193	1ssx	A
195	1ssx	A
214	1ssx	A
166	1stc	E
168	1stc	E
201	1stc	E
30	1std	A
31	1std	A
50	1std	A
85	1std	A
110	1std	A
351	1su4	A
703	1su4	A
707	1su4	A
204	1sur	A
208	1sur	A
42	1szd	A
43	1szd	A
44	1szd	A
45	1szd	A
116	1szd	A
118	1szd	A
135	1szd	A
149	1szj	G
176	1szj	G
8	1t0u	A
80	1t0u	A
223	1t0u	A
17	1t4c	A
140	1t4c	A
169	1t4c	A
260	1t4c	B
261	1t4c	B
88	1t7d	B
90	1t7d	B
145	1t7d	B
17	1tah	B
87	1tah	B
88	1tah	B
241	1tah	B
263	1tah	B
285	1tah	B
287	1tah	B
291	1tah	B
295	1tah	B
135	1tde	A
138	1tde	A
139	1tde	A
62	1tdj	A
315	1tdj	A
46	1teh	A
47	1teh	A
48	1teh	A
67	1teh	A
68	1teh	A
97	1teh	A
100	1teh	A
103	1teh	A
111	1teh	A
115	1teh	A
174	1teh	A
369	1teh	A
132	1thg	A
217	1thg	A
218	1thg	A
354	1thg	A
463	1thg	A
114	1tht	A
241	1tht	A
162	1tkk	A
191	1tkk	A
219	1tkk	A
244	1tkk	A
268	1tkk	A
149	1tmo	A
148	1tox	A
11	1tph	1
13	1tph	1
95	1tph	1
97	1tph	1
165	1tph	1
171	1tph	1
211	1tph	1
30	1trk	A
263	1trk	A
418	1trk	B
481	1trk	B
68	1tyf	A
97	1tyf	A
98	1tyf	A
122	1tyf	A
171	1tyf	A
249	1tz3	A
250	1tz3	A
251	1tz3	A
252	1tz3	A
49	1u1z	A
55	1u1z	A
58	1u1z	A
59	1u1z	A
63	1u1z	B
115	1u3f	A
66	1u5u	A
67	1u5u	A
137	1u5u	A
193	1u5u	A
210	1u7u	A
292	1u8v	A
115	1uag	A
138	1uag	A
183	1uag	A
89	1uam	A
116	1uam	A
154	1uam	A
169	1uam	A
64	1uaq	A
89	1uaq	A
91	1uaq	A
130	1uas	A
185	1uas	A
89	1uch	A
95	1uch	A
169	1uch	A
184	1uch	A
46	1uf7	A
126	1uf7	A
171	1uf7	A
103	1uk7	A
224	1uk7	A
252	1uk7	A
86	1ula	A
89	1ula	A
243	1ula	A
85	1un1	A
87	1un1	A
89	1un1	A
74	1unb	A
98	1uok	A
199	1uok	A
255	1uok	A
328	1uok	A
329	1uok	A
154	1uqt	A
361	1uqt	A
37	1uro	A
41	1uro	A
50	1uro	A
86	1uro	A
164	1uro	A
116	1ush	A
117	1ush	A
120	1ush	A
375	1ush	A
379	1ush	A
410	1ush	A
92	1uw8	A
95	1uw8	A
97	1uw8	A
101	1uw8	A
140	1uw8	A
162	1uw8	A
115	1v04	A
134	1v04	A
581	1v0e	A
596	1v0e	A
647	1v0e	A
170	1v0y	A
202	1v0y	A
448	1v0y	A
473	1v0y	A
184	1v25	A
328	1v25	A
439	1v25	A
444	1v25	A
61	1v54	A
91	1v54	A
126	1v54	A
156	1v54	A
157	1v54	A
240	1v54	A
242	1v54	A
244	1v54	A
255	1v54	A
290	1v54	A
291	1v54	A
316	1v54	A
319	1v54	A
438	1v54	A
802	1v97	A
880	1v97	A
1261	1v97	A
108	1vao	A
170	1vao	A
422	1vao	A
503	1vao	A
504	1vao	A
2	1vas	A
22	1vas	A
23	1vas	A
26	1vas	A
141	1vid	A
144	1vid	A
169	1vid	A
170	1vid	A
199	1vid	A
32	1vie	A
67	1vie	A
68	1vie	A
69	1vie	A
869	1vlb	A
353	1vnc	A
360	1vnc	A
402	1vnc	A
403	1vnc	A
404	1vnc	A
490	1vnc	A
496	1vnc	A
182	1vom	A
233	1vom	A
457	1vom	A
459	1vom	A
100	1vq1	A
197	1vq1	A
198	1vq1	A
55	1vr7	A
62	1vr7	A
63	1vr7	A
68	1vr7	A
83	1vr7	A
247	1vzx	A
280	1vzx	A
314	1vzx	A
317	1vzx	A
356	1vzx	A
365	1vzx	A
136	1w0h	A
293	1w0h	A
105	1w1o	A
169	1w1o	A
288	1w1o	A
351	1w27	B
400	1w27	A
59	1w85	B
128	1w85	B
267	1w85	C
271	1w85	C
281	1w85	C
350	1wd8	A
471	1wd8	A
473	1wd8	A
645	1wd8	A
89	1wgi	A
115	1wgi	A
120	1wgi	A
152	1wgi	A
53	1whs	A
338	1whs	B
397	1whs	B
146	1whs	A
147	1whs	A
25	1wnw	A
53	1wnw	A
131	1wnw	A
132	1wnw	A
135	1wnw	A
136	1wnw	A
140	1wnw	A
63	1wpo	A
132	1wpo	A
134	1wpo	A
157	1wpo	A
165	1wpo	A
166	1wpo	A
10	1wrr	A
57	1wrr	A
176	1wrr	A
228	1wrr	A
256	1wrr	A
56	1x7d	A
228	1x7d	A
330	1x9d	A
334	1x9d	A
463	1x9d	A
599	1x9d	A
135	1x9h	A
203	1x9h	A
219	1x9h	A
298	1x9h	A
237	1x9y	A
243	1x9y	A
340	1x9y	A
360	1x9y	A
56	1xa8	A
124	1xel	A
149	1xel	A
153	1xel	A
93	1xgm	A
153	1xgm	A
161	1xgm	A
187	1xgm	A
280	1xgm	A
53	1xld	A
56	1xld	A
87	1xld	A
180	1xld	A
182	1xld	A
216	1xld	A
219	1xld	A
244	1xld	A
254	1xld	A
256	1xld	A
292	1xld	A
182	1xny	A
183	1xny	A
419	1xny	B
420	1xny	B
243	1xqd	A
286	1xqd	A
352	1xqd	A
393	1xqd	A
144	1xrs	B
111	1xs1	C
115	1xs1	C
124	1xs1	A
126	1xs1	A
138	1xs1	A
7	1xtc	A
61	1xtc	A
110	1xtc	A
112	1xtc	A
21	1xva	A
137	1xva	A
142	1xva	A
175	1xva	A
194	1xva	A
169	1xvt	A
64	1xx2	A
67	1xx2	A
150	1xx2	A
272	1xx2	A
315	1xx2	A
318	1xx2	A
41	1y9m	A
241	1y9m	A
164	1ybv	A
178	1ybv	A
182	1ybv	A
223	1ybv	A
25	1ycf	A
81	1ycf	A
83	1ycf	A
85	1ycf	A
148	1ycf	A
167	1ycf	A
195	1ycf	A
228	1ycf	A
176	1yon	A
57	1yph	C
193	1yph	E
195	1yph	E
196	1yph	E
102	1yph	C
130	1yq4	A
251	1yq4	A
253	1yq4	A
263	1yq4	A
266	1yq4	A
297	1yq4	A
364	1yq4	A
408	1yq4	A
186	1yrc	A
251	1yrc	A
252	1yrc	A
357	1yrc	A
358	1yrc	A
359	1yrc	A
28	1yt3	A
30	1yt3	A
85	1yt3	A
151	1yt3	A
155	1yt3	A
290	1ytw	A
354	1ytw	A
356	1ytw	A
402	1ytw	A
403	1ytw	A
409	1ytw	A
410	1ytw	A
252	1yve	I
315	1yve	I
319	1yve	I
107	1z9h	A
110	1z9h	A
112	1z9h	A
113	1z9h	A
39	1ze1	A
67	1ze1	A
81	1ze1	A
172	1ze1	A
13	1zio	A
88	1zio	A
127	1zio	A
160	1zio	A
171	1zio	A
42	1zk7	A
47	1zk7	A
464	1zk7	A
465	1zk7	A
553	1zm2	B
99	1znb	A
101	1znb	A
103	1znb	A
162	1znb	A
181	1znb	A
184	1znb	A
193	1znb	A
223	1znb	A
545	1znv	B
31	1zoi	A
97	1zoi	A
98	1zoi	A
122	1zoi	A
227	1zoi	A
256	1zoi	A
26	1zp3	A
28	1zp3	A
120	1zp3	A
223	1zp3	A
273	1zp3	A
369	1zrz	A
371	1zrz	A
374	1zrz	A
11	206l	A
20	206l	A
11	2a0n	A
130	2a0n	A
112	2a5h	A
113	2a5h	A
116	2a5h	A
125	2a5h	A
129	2a5h	A
132	2a5h	A
134	2a5h	A
293	2a5h	A
330	2a5h	A
337	2a5h	A
40	2a84	A
44	2a84	A
47	2a84	A
88	2a84	A
89	2a84	A
92	2a84	A
160	2a84	A
196	2a84	A
197	2a84	A
198	2a84	A
120	2abk	A
138	2abk	A
151	2ace	A
200	2ace	A
239	2ace	A
290	2ace	A
292	2ace	A
327	2ace	A
440	2ace	A
43	2acu	A
48	2acu	A
77	2acu	A
110	2acu	A
23	2acy	A
41	2acy	A
105	2adm	A
106	2adm	A
108	2adm	A
196	2adm	A
29	2ag0	B
50	2ag0	B
113	2ag0	B
419	2ag0	A
56	2ahj	B
72	2ahj	B
76	2ahj	B
109	2ahj	A
112	2ahj	A
113	2ahj	A
114	2ahj	A
109	2akj	A
223	2akj	A
224	2akj	A
481	2akj	A
486	2akj	A
487	2akj	A
105	2ayh	A
109	2ayh	A
39	2b3i	A
82	2b3i	A
85	2b3i	A
90	2b3i	A
32	2bbk	L
66	2bbk	H
57	2bbk	L
76	2bbk	L
108	2bbk	L
119	2bbk	L
122	2bbk	L
46	2bhg	A
84	2bhg	A
163	2bhg	A
182	2bhg	A
255	2bif	A
256	2bif	A
262	2bif	A
305	2bif	A
325	2bif	A
390	2bif	A
139	2bii	B
271	2bii	B
272	2bii	B
26	2bkr	A
102	2bkr	A
103	2bkr	A
119	2bkr	A
163	2bkr	A
206	2bsx	A
41	2bx4	A
145	2bx4	A
31	2c3m	A
64	2c3m	A
114	2c3m	A
996	2c3m	A
14	2c7v	A
161	2c7v	A
174	2c7v	A
163	2chr	A
165	2chr	A
194	2chr	A
220	2chr	A
245	2chr	A
269	2chr	A
323	2chr	A
306	2cja	A
336	2cja	A
338	2cja	A
347	2cja	A
355	2cja	A
416	2cja	A
432	2cja	A
435	2cja	A
461	2cja	A
468	2cja	A
29	2cpo	A
105	2cpo	A
106	2cpo	A
183	2cpo	A
147	2dbt	A
156	2dbt	A
194	2dbt	A
108	2dd5	B
128	2dd5	C
131	2dd5	C
132	2dd5	C
133	2dd5	C
22	2dhn	A
100	2dhn	A
15	2dln	A
150	2dln	A
216	2dln	A
255	2dln	A
257	2dln	A
270	2dln	A
272	2dln	A
276	2dln	A
43	2dor	A
130	2dor	A
55	2dw7	A
182	2dw7	A
184	2dw7	A
213	2dw7	A
239	2dw7	A
265	2dw7	A
292	2dw7	A
322	2dw7	A
341	2dw7	A
130	2ebn	A
132	2ebn	A
10	2eng	A
121	2eng	A
154	2esd	A
250	2esd	A
284	2esd	A
190	2eua	A
240	2eua	A
284	2eua	A
416	2eua	A
420	2eua	A
235	2f61	A
340	2f61	A
342	2f61	A
12	2f9r	A
34	2f9r	A
47	2f9r	A
48	2f9r	A
52	2f9r	A
93	2f9r	A
230	2f9r	A
233	2f9r	A
252	2f9r	A
21	2f9z	C
27	2f9z	C
44	2f9z	C
450	2fok	A
467	2fok	A
469	2fok	A
309	2fp8	A
390	2fqq	B
237	2fqq	A
238	2fqq	A
285	2fqq	A
286	2fqq	A
18	2frv	L
65	2frv	L
68	2frv	L
72	2frv	L
463	2frv	L
486	2frv	L
530	2frv	L
533	2frv	L
73	2fua	A
92	2fua	A
94	2fua	A
113	2fua	A
155	2fua	A
209	2fua	A
45	2gb0	A
48	2gb0	A
49	2gb0	A
265	2gb0	A
269	2gb0	A
315	2gb0	A
348	2gb0	A
58	2gh5	A
63	2gh5	A
66	2gh5	A
197	2gh5	A
201	2gh5	A
467	2gh5	B
472	2gh5	B
82	2gmh	A
331	2gmh	A
367	2gmh	A
528	2gmh	A
553	2gmh	A
556	2gmh	A
559	2gmh	A
150	2gsa	A
245	2gsa	A
273	2gsa	A
66	2gtr	A
115	2gtr	A
146	2gtr	A
137	2hdh	A
158	2hdh	A
170	2hdh	A
208	2hdh	A
125	2hgs	A
144	2hgs	A
146	2hgs	A
151	2hgs	A
305	2hgs	A
364	2hgs	A
368	2hgs	A
369	2hgs	A
450	2hgs	A
41	2hi7	B
44	2hi7	B
48	2hi7	B
104	2hi7	B
185	2hsa	A
188	2hsa	A
190	2hsa	A
21	2hw4	A
53	2hw4	A
54	2hw4	A
78	2hw4	A
94	2hw4	A
96	2hw4	A
189	2hwg	A
431	2hwg	A
455	2hwg	A
502	2hwg	A
220	2hxt	A
248	2hxt	A
274	2hxt	A
301	2hxt	A
324	2hxt	A
351	2hxt	A
207	2id0	A
313	2id0	A
500	2id0	A
57	2iht	A
438	2iht	A
65	2ixj	A
74	2ixj	A
134	2ixj	A
171	2ixj	A
46	2jcw	A
48	2jcw	A
63	2jcw	A
71	2jcw	A
80	2jcw	A
83	2jcw	A
120	2jcw	A
143	2jcw	A
10	2mas	A
15	2mas	A
39	2mas	A
126	2mas	A
167	2mas	A
168	2mas	A
241	2mas	A
242	2mas	A
146	2nac	A
284	2nac	A
313	2nac	A
332	2nac	A
120	2nlr	A
169	2nmt	A
170	2nmt	A
171	2nmt	A
205	2nmt	A
455	2nmt	A
10	2npx	A
41	2npx	A
42	2npx	A
303	2npx	A
289	2o1x	A
373	2o1x	A
401	2o1x	A
177	2oat	A
263	2oat	A
292	2oat	A
70	2ocp	A
142	2ocp	A
53	2oln	A
101	2oln	A
258	2oln	A
276	2oln	A
321	2oln	A
355	2oln	A
358	2oln	A
163	2p8b	A
191	2p8b	A
218	2p8b	A
243	2p8b	A
267	2p8b	A
25	2pan	A
51	2pan	A
421	2pan	A
476	2pan	A
479	2pan	A
129	2pec	A
131	2pec	A
166	2pec	A
170	2pec	A
218	2pec	A
333	2pfl	A
418	2pfl	A
419	2pfl	A
734	2pfl	A
128	2pgd	A
183	2pgd	A
186	2pgd	A
187	2pgd	A
190	2pgd	A
149	2phk	A
151	2phk	A
154	2phk	A
167	2phk	A
186	2phk	A
20	2pth	A
68	2pth	A
93	2pth	A
114	2pth	A
17	2pz0	A
18	2pz0	A
59	2pz0	A
121	2pz0	A
239	2pz0	A
283	2qf7	A
297	2qf7	A
299	2qf7	A
305	2qf7	A
353	2qf7	A
549	2qf7	A
655	2qf7	A
718	2qf7	A
747	2qf7	A
749	2qf7	A
882	2qf7	A
147	2qjj	A
159	2qjj	A
210	2qjj	A
212	2qjj	A
236	2qjj	A
262	2qjj	A
283	2qjj	A
339	2qjj	A
402	2qjj	A
171	2qmx	A
173	2qmx	A
64	2qt6	A
66	2qt6	A
109	2qt6	A
111	2qt6	A
394	2qt6	A
397	2qt6	A
399	2qt6	A
451	2qt6	A
452	2qt6	A
453	2qt6	A
454	2qt6	A
457	2qt6	A
462	2qt6	A
33	2qut	A
146	2qut	A
187	2qut	A
189	2qut	A
229	2qut	A
300	2qut	A
363	2qut	A
63	2rjr	A
70	2rjr	A
12	2rnf	A
40	2rnf	A
116	2rnf	A
35	2sns	A
43	2sns	A
87	2sns	A
141	2tdt	A
166	2tdt	A
189	2tdt	A
30	2tmd	A
169	2tmd	A
172	2tmd	A
267	2tmd	A
331	2toh	A
336	2toh	A
376	2toh	A
395	2toh	A
71	2tpl	B
123	2tpl	A
124	2tpl	A
214	2tpl	A
257	2tpl	A
381	2tpl	A
448	2tpl	A
59	2tps	A
130	2tps	A
159	2tps	A
40	2ts1	A
45	2ts1	A
48	2ts1	A
82	2ts1	A
86	2ts1	A
173	2ts1	A
194	2ts1	A
230	2ts1	A
233	2ts1	A
234	2ts1	A
105	2vck	A
206	2vck	A
70	2vss	A
75	2vss	A
120	2vss	A
143	2vss	A
239	2vss	B
269	2wml	A
319	2wml	A
170	2ybp	A
177	2ybp	A
188	2ybp	A
190	2ybp	A
276	2ybp	A
288	2ybp	A
72	2z67	B
94	2z67	B
95	2z67	B
102	2z67	B
166	2z67	A
249	2z67	A
278	2z67	A
307	2z67	A
57	2zr8	A
82	2zr8	A
208	2zr8	A
212	2zr8	A
214	2zr8	A
308	2zr8	A
143	3a15	A
178	3a15	A
219	3a15	A
299	3a15	A
306	3a15	A
320	3a15	A
98	3bpt	A
146	3bpt	A
169	3bpt	A
177	3bpt	A
144	3c2e	A
18	3cla	A
174	3cla	A
195	3cla	A
199	3cla	A
21	3cmm	A
481	3cmm	A
544	3cmm	A
600	3cmm	A
601	3cmm	A
603	3cmm	A
781	3cmm	A
782	3cmm	A
16	3csm	A
157	3csm	A
168	3csm	A
194	3csm	A
198	3csm	A
242	3csm	A
246	3csm	A
226	3d47	A
252	3d47	A
280	3d47	A
302	3d47	A
329	3d47	A
349	3d47	A
4	3dfr	A
19	3dfr	A
21	3dfr	A
26	3dfr	A
27	3dfr	A
30	3dfr	A
54	3dfr	A
94	3dfr	A
116	3dfr	A
162	3dg6	A
191	3dg6	A
217	3dg6	A
242	3dg6	A
266	3dg6	A
294	3dg6	A
24	3dgb	A
169	3dgb	A
171	3dgb	A
200	3dgb	A
226	3dgb	A
251	3dgb	A
275	3dgb	A
329	3dgb	A
12	3eca	A
25	3eca	A
89	3eca	A
90	3eca	A
162	3eca	A
283	3eca	B
42	3es7	A
45	3es7	A
90	3es7	A
162	3es7	A
164	3es7	A
193	3es7	A
221	3es7	A
246	3es7	A
297	3es7	A
50	3ey9	B
112	3ey9	B
113	3ey9	B
380	3ey9	A
465	3ey9	A
105	3fnl	A
108	3fnl	A
110	3fnl	A
184	3fnl	A
186	3fnl	A
188	3fnl	A
190	3fnl	A
258	3fnl	A
351	3fnl	A
328	3gdp	A
361	3gdp	A
457	3gdp	A
459	3gdp	A
496	3gdp	A
497	3gdp	A
129	3h8i	A
178	3h8i	A
215	3h8i	A
350	3h8i	A
353	3h8i	A
386	3h8i	A
95	3kb9	A
96	3kb9	A
198	3kb9	A
338	3kb9	A
10	3mak	A
376	3mdd	A
184	3nos	A
187	3nos	A
356	3nos	A
361	3nos	A
408	3pca	M
447	3pca	M
457	3pca	M
460	3pca	M
462	3pca	M
116	3pmg	B
287	3pmg	B
289	3pmg	B
291	3pmg	B
1	3pva	A
82	3pva	A
175	3pva	A
228	3pva	A
105	3rfa	B
118	3rfa	B
125	3rfa	B
129	3rfa	B
132	3rfa	B
355	3rfa	B
170	3s8r	A
192	3s8r	A
239	3s8r	A
413	3s8r	A
624	3s8r	A
113	3thi	A
241	3thi	A
272	3thi	A
34	3wql	B
38	3wql	B
51	3wql	B
90	3wql	B
7	3zo8	D
63	3zo8	D
75	3zo8	D
78	3zo8	D
90	3zo8	D
108	3zo8	D
116	3zo8	D
233	4eay	A
271	4eay	A
298	4eay	A
351	4eay	A
352	4eay	A
368	4eay	A
163	4h2h	A
193	4h2h	A
218	4h2h	A
241	4h2h	A
265	4h2h	A
320	4h2h	A
166	4hpn	A
194	4hpn	A
220	4hpn	A
246	4hpn	A
269	4hpn	A
296	4hpn	A
329	4hpn	A
189	4jn7	A
191	4jn7	A
216	4jn7	A
242	4jn7	A
265	4jn7	A
292	4jn7	A
135	4kbp	A
164	4kbp	A
167	4kbp	A
201	4kbp	A
202	4kbp	A
286	4kbp	A
295	4kbp	A
296	4kbp	A
323	4kbp	A
325	4kbp	A
158	4mdh	A
186	4mdh	A
31	4mhx	A
32	4mhx	A
74	4mhx	A
123	4mhx	A
125	4mhx	A
181	4mhx	A
273	4mhx	A
274	4mhx	A
282	4mhx	A
240	4mup	A
25	4njk	A
31	4njk	A
46	4njk	A
49	4njk	A
50	4njk	A
51	4njk	A
116	4njk	A
204	4njk	A
20	4ts9	A
24	4ts9	A
43	4ts9	C
87	4ts9	A
90	4ts9	A
204	4ts9	A
217	4ts9	A
201	4v40	A
357	4v40	A
391	4v40	A
416	4v40	A
418	4v40	A
461	4v40	A
537	4v40	A
597	4v40	A
601	4v40	A
604	4v40	A
144	4v4e	A
174	4v4e	A
404	4v4e	A
69	4x9e	A
117	4x9e	A
118	4x9e	A
268	4x9e	A
442	4x9e	B
32	4xb6	D
241	4xb6	D
244	4xb6	D
266	4xb6	D
272	4xb6	D
29	5a1i	A
31	5a1i	A
32	5a1i	A
57	5a1i	A
70	5a1i	A
181	5a1i	A
250	5a1i	A
258	5a1i	A
259	5a1i	A
264	5a1i	A
265	5a1i	A
285	5a1i	A
289	5a1i	A
291	5a1i	A
122	5cnv	F
225	5cnv	A
237	5cnv	F
437	5cnv	A
439	5cnv	A
441	5cnv	A
462	5cnv	A
730	5cnv	A
731	5cnv	A
203	5cox	A
207	5cox	A
384	5cox	A
385	5cox	A
388	5cox	A
526	5cox	A
530	5cox	A
264	5eat	A
273	5eat	A
401	5eat	A
402	5eat	A
403	5eat	A
441	5eat	A
444	5eat	A
520	5eat	A
525	5eat	A
527	5eat	A
83	5fit	A
94	5fit	A
96	5fit	A
98	5fit	A
14	5hrc	A
83	5hrc	A
197	5hrc	A
160	5icd	A
230	5icd	A
283	5icd	A
307	5icd	A
84	5vsm	A
88	5vsm	A
91	5vsm	A
38	7atj	A
42	7atj	A
70	7atj	A
170	7atj	A
39	7enl	A
159	7enl	A
168	7enl	A
211	7enl	A
246	7enl	A
295	7enl	A
320	7enl	A
345	7enl	A
373	7enl	A
396	7enl	A
151	7nn9	A
220	7nn9	A
277	7nn9	A
371	7nn9	A
412	7nn9	A
69	7odc	A
197	7odc	A
274	7odc	A
19	8pch	A
25	8pch	A
159	8pch	A
19	9pap	A
25	9pap	A
159	9pap	A
175	9pap	A
