acc	name	proteins	genes	organism	length	pdb	sequence	ec	taxes	tax	n	maxrep1	maxrep2	maxpers1	maxpers2	meanplddt	nrep1	nrep1_t1	nrep1_t2	nrep1_t3	nrep1_t4	nrep1_t5	nrep1_t6	nrep1_t7	nrep1_t8	nrep1_t9	nrep1_t10	nrep2	nrep2_t01	nrep2_t02	nrep2_t03	nrep2_t04	nrep2_t05	nrep2_t06	nrep2_t07	nrep2_t08	nrep2_t09	nrep2_t1
Q6G9W3	TOP1_STAAS	DNA topoisomerase 1 (EC 5.6.2.1) (DNA topoisomerase I) (Omega-protein) (Relaxing enzyme) (Swivelase) (Untwisting enzyme)	topA SAS1184	Staphylococcus aureus (strain MSSA476)	689		MADNLVIVESPAKAKTIEKYLGKKYKVIASMGHVRDLPRSQMGVDTEDNYEPKYITIRGKGPVVKELKKHAKKAKNVFLASDPDREGEAIAWHLSKILELEDSKENRVVFNEITKDAVKESFKNPREIEMNLVDAQQARRILDRLVGYNISPVLWKKVKKGLSAGRVQSVALRLVIDRENEIRNFKPEEYWTIEGEFRYKKSKFNAKFLHYKNKPFKLKTKKDVEKITAALDGDQFEITNVTKKEKTRNPANPFTTSTLQQEAARKLNFKARKTMMVAQQLYEGIDLKKQGTIGLITYMRTDSTRISDTAKAEAKQYITDKYGESYTSKRKASGKQGDQDAHEAIRPSSTMRTPDDMKSFLTKDQYRLYKLIWERFVASQMAPAILDTVSLDITQGDIKFRANGQTIKFKGFMTLYVETKDDSDSEKENKLPKLEQGDKVTATQIEPAQHYTQPPPRYTEARLVKTLEELKIGRPSTYAPTIDTIQKRNYVKLESKRFVPTELGEIVHEQVKEYFPEIIDVEFTVNMETLLDKIAEGDITWRKVIDGFFSSFKQDVERAEEEMEKIEIKDEPAGEDCEVCGSPMVIKMGRYGKFMACSNFPDCRNTKAIVKSIGVKCPKCNDGDVVERKSKKNRVFYGCSKYPECDFISWDKPIGRDCPKCNQYLVENKKGKTTQVICSNCDYKEAAQK	5.6.2.1	131567 (no rank), 2 (superkingdom), 1783272 (clade), 1239 (phylum), 91061 (class), 1385 (order), 90964 (family), 1279 (genus), 1280 (species)	282459	689	192	34	13.7278805	2.8318834	92.3915	1695	160	54	31	17	10	5	3	2	1	1	1026	173	72	46	35	24	22	18	14	10	8
Q6GHI5	TOP1_STAAR	DNA topoisomerase 1 (EC 5.6.2.1) (DNA topoisomerase I) (Omega-protein) (Relaxing enzyme) (Swivelase) (Untwisting enzyme)	topA SAR1226	Staphylococcus aureus (strain MRSA252)	689		MADNLVIVESPAKAKTIEKYLGKKYKVIASMGHVRDLPRSQMGVDTEDNYEPKYITIRGKGPVVKELKKHAKKAKNVFLASDPDREGEAIAWHLSKILELEDSKENRVVFNEITKDAVKESFKNPREIEMNLVDAQQARRILDRLVGYNISPVLWKKVKKGLSAGRVQSVALRLVIDRENEIRNFKPEEYWTIEGEFRYKKSKFNAKFLHYKNKPFKLKTKKDVEKITAALDGDQFEITNVTKKEKTRNPANPFTTSTLQQEAARKLNFKARKTMMVAQQLYEGIDLKKQGTIGLITYMRTDSTRISDTAKAEAKQYITDKYGESYTSKRKASGKQGDQDAHEAIRPSSTMRTPDDMKSFLTKDQYRLYKLIWERFVASQMAPAILDTVSLDITQGDIKFRANGQTIKFKGFMTLYVETKDDSDSEKENKLPKLEQGDKVTATQIEPAQHYTQPPPRYTEARLVKTLEELKIGRPSTYAPTIDTIQKRNYVKLESKRFVPTELGEIVHEQVKEYFPEIIDVEFTVNMETLLDKIAEGDITWRKVIDGFFSSFKQDVERAEEEMEKIEIKDEPAGEDCEVCGSPMVIKMGRYGKFMACSNFPDCRNTKAIVKSIGVKCPKCNDGDVVERKSKKNRVFYGCSKYPECDFISWDKPIGRDCPKCNQYLVENKKGKTTQVICSNCDYKEAAQK	5.6.2.1	131567 (no rank), 2 (superkingdom), 1783272 (clade), 1239 (phylum), 91061 (class), 1385 (order), 90964 (family), 1279 (genus), 1280 (species)	282458	689	201	30	14.544738	2.8303194	92.155045	1708	161	55	32	17	10	5	3	2	1	1	1029	177	73	45	34	25	22	18	12	10	7
Q6G767	TOP3_STAAS	DNA topoisomerase 3 (EC 5.6.2.1) (DNA topoisomerase III)	topB SAS2145	Staphylococcus aureus (strain MSSA476)	711		MKSLILAEKPSVARDIADALQINQKRNGYFENNQYIVTWALGHLVTNATPEQYDKNLKEWRLEDLPIIPKYMKTVVIGKTSKQFKTVKALILDNKVKDIIIATDAGREGELVARLILDKVGNKKPIRRLWISSVTKKAIQQGFKNLKDGRQYNDLYYAALARSEADWIVGINATRALTTKYDAQLSLGRVQTPTIQLVNTRQQEINQFKPQQYFTLSLTVKGFDFQLESNQRYTNKETLEQMVNNLKNVDGKIKSVATKHKKSYPQSLYNLTDLQQDMYRRYKIGPKETLNTLQSLYERHKVVTYPRTDSNYLTTDMVDTMKERIQATMATTYKDQARPLMSKTFSSKMSIFNNQKVSDHHAIIPTEVRPVMSDLSNRELKLYDMIVERFLEALMPPHEYDAITVTLEVAGHTFVLKENVTTVLGFKSIRQGESITEMQQPFSEGDEVKISKTNIREHETTPPEYFNEGSLLKAMENPQNFIQLKDKKYAQTLKQTGGIGTVATRADIIDKLFNMNAIESRDGKIKVTSKGKQILELAPEELTSPLLTAQWEEKLLLIERGKYQAKTFINEMKDFTKDVVNGIKNSDRKYKHDNLTTTECPTCGKFMIKVKTKNGQMLVCQDPSCKTKKNVQRKTNARCPNCKKKLTLFGKGKEAVYRCVCGHSETQAHMDQRMKSKSSGKVSRKEMKKYMNKNEGLDNNPFKDALKNLNL	5.6.2.1	131567 (no rank), 2 (superkingdom), 1783272 (clade), 1239 (phylum), 91061 (class), 1385 (order), 90964 (family), 1279 (genus), 1280 (species)	282459	711	194	30	24.35291	2.3644686	91.69776	1746	162	48	26	20	9	3	1	1	1	1	1090	182	78	57	37	27	21	14	12	11	7
Q6GEH9	TOP3_STAAR	DNA topoisomerase 3 (EC 5.6.2.1) (DNA topoisomerase III)	topB SAR2339	Staphylococcus aureus (strain MRSA252)	711		MKSLILAEKPSVARDIADALQINQKRNGYFENNQYIVTWALGHLVTNATPEQYDKNLKEWRLEDLPIIPKYMKTVVIGKTSKQFKTVKALILDNKVKDIIIATDAGREGELVARLILDKVGNKKPLRRLWISSVTKKAIQQGFKNLKDGRQYNDLYYAALARSEADWIVGINATRALTTKYDAQLSLGRVQTPTIQLVNTRQQEINQFKPQQYYTLSLTVKGFDFQLESNQRYTNKETLEQIVNNLKNVDGKIKSVATKHKKSYPQSLYNLTDLQQDMYRRYKIGPKETLNTLQSLYERHKVVTYPRTDSNYLTTDMVDTMKERIQATMATTYKDQARPLMSKTFSSKMSIFNNQKVSDHHAIIPTEVRPVMSDLSNRELKLYDMIVERFLEALMSPHEYDAITVTLEVAGHTFVLKENVTTVLGFKSIRQGESITEMQQPFSEGDEVKISKTNIREHETTPPEYFNEGSLLKAMENPQNFIQLKDKKYAQTLKQTGGIGTVATRADIIDKLFNMNAIESRDGKIKVTSKGKQILELAPEELTSPLLTAQWEEKLLLIERGKYQAKTFINEMKDFTKDVVNGIKNSDRKYKHDNLTTTECPTCGKFMIKVKTKNGQMLVCQDPSCKTKKNVQRKTNARCPNCKKKLTLFGKGKEAVYRCVCGHSETQAHMDQRMKSKSSGKVSRKEMKKYMNKNEGLDNNPFKDALKNLNL	5.6.2.1	131567 (no rank), 2 (superkingdom), 1783272 (clade), 1239 (phylum), 91061 (class), 1385 (order), 90964 (family), 1279 (genus), 1280 (species)	282458	711	194	30	24.374172	2.3531275	91.937355	1749	162	51	26	19	9	4	1	1	1	1	1077	184	78	58	36	28	20	15	13	10	7
O95985	TOP3B_HUMAN	DNA topoisomerase 3-beta-1 (EC 5.6.2.1) (DNA topoisomerase III beta-1)	TOP3B TOP3B1	Homo sapiens (Human)	862	5GVC;5GVE;	MKTVLMVAEKPSLAQSIAKILSRGSLSSHKGLNGACSVHEYTGTFAGQPVRFKMTSVCGHVMTLDFLGKYNKWDKVDPAELFSQAPTEKKEANPKLNMVKFLQVEGRGCDYIVLWLDCDKEGENICFEVLDAVLPVMNKAHGGEKTVFRARFSSITDTDICNAMACLGEPDHNEALSVDARQELDLRIGCAFTRFQTKYFQGKYGDLDSSLISFGPCQTPTLGFCVERHDKIQSFKPETYWVLQAKVNTDKDRSLLLDWDRVRVFDREIAQMFLNMTKLEKEAQVEATSRKEKAKQRPLALNTVEMLRVASSSLGMGPQHAMQTAERLYTQGYISYPRTETTHYPENFDLKGSLRQQANHPYWADTVKRLLAEGINRPRKGHDAGDHPPITPMKSATEAELGGDAWRLYEYITRHFIATVSHDCKYLQSTISFRIGPELFTCSGKTVLSPGFTEVMPWQSVPLEESLPTCQRGDAFPVGEVKMLEKQTNPPDYLTEAELITLMEKHGIGTDASIPVHINNICQRNYVTVESGRRLKPTNLGIVLVHGYYKIDAELVLPTIRSAVEKQLNLIAQGKADYRQVLGHTLDVFKRKFHYFVDSIAGMDELMEVSFSPLAATGKPLSRCGKCHRFMKYIQAKPSRLHCSHCDETYTLPQNGTIKLYKELRCPLDDFELVLWSSGSRGKSYPLCPYCYNHPPFRDMKKGMGCNECTHPSCQHSLSMLGIGQCVECESGVLVLDPTSGPKWKVACNKCNVVAHCFENAHRVRVSADTCSVCEAALLDVDFNKAKSPLPGDETQHMGCVFCDPVFQELVELKHAASCHPMHRGGPGRRQGRGRGRARRPPGKPNPRRPKDKMSALAAYFV	5.6.2.1	131567 (no rank), 2759 (superkingdom), 33154 (clade), 33208 (kingdom), 6072 (clade), 33213 (clade), 33511 (clade), 7711 (phylum), 89593 (subphylum), 7742 (clade), 7776 (clade), 117570 (clade), 117571 (clade), 8287 (superclass), 1338369 (clade), 32523 (clade), 32524 (clade), 40674 (class), 32525 (clade), 9347 (clade), 1437010 (clade), 314146 (superorder), 9443 (order), 376913 (suborder), 314293 (infraorder), 9526 (parvorder), 314295 (superfamily), 9604 (family), 207598 (subfamily), 9605 (genus)	9606	862	399	54	21.080753	2.5600958	89.76246	2155	195	69	41	22	10	3	2	2	2	2	1322	245	117	71	49	40	30	26	20	18	15
P11387	TOP1_HUMAN	DNA topoisomerase 1 (EC 5.6.2.1) (DNA topoisomerase I)	TOP1	Homo sapiens (Human)	765	1A31;1A35;1A36;1EJ9;1K4S;1K4T;1LPQ;1NH3;1R49;1RR8;1RRJ;1SC7;1SEU;1T8I;1TL8;	MSGDHLHNDSQIEADFRLNDSHKHKDKHKDREHRHKEHKKEKDREKSKHSNSEHKDSEKKHKEKEKTKHKDGSSEKHKDKHKDRDKEKRKEEKVRASGDAKIKKEKENGFSSPPQIKDEPEDDGYFVPPKEDIKPLKRPRDEDDADYKPKKIKTEDTKKEKKRKLEEEEDGKLKKPKNKDKDKKVPEPDNKKKKPKKEEEQKWKWWEEERYPEGIKWKFLEHKGPVFAPPYEPLPENVKFYYDGKVMKLSPKAEEVATFFAKMLDHEYTTKEIFRKNFFKDWRKEMTNEEKNIITNLSKCDFTQMSQYFKAQTEARKQMSKEEKLKIKEENEKLLKEYGFCIMDNHKERIANFKIEPPGLFRGRGNHPKMGMLKRRIMPEDIIINCSKDAKVPSPPPGHKWKEVRHDNKVTWLVSWTENIQGSIKYIMLNPSSRIKGEKDWQKYETARRLKKCVDKIRNQYREDWKSKEMKVRQRAVALYFIDKLALRAGNEKEEGETADTVGCCSLRVEHINLHPELDGQEYVVEFDFLGKDSIRYYNKVPVEKRVFKNLQLFMENKQPEDDLFDRLNTGILNKHLQDLMEGLTAKVFRTYNASITLQQQLKELTAPDENIPAKILSYNRANRAVAILCNHQRAPPKTFEKSMMNLQTKIDAKKEQLADARRDLKSAKADAKVMKDAKTKKVVESKKKAVQRLEEQLMKLEVQATDREENKQIALGTSKLNYLDPRITVAWCKKWGVPIEKIYNKTQREKFAWAIDMADEDYEF	5.6.2.1	131567 (no rank), 2759 (superkingdom), 33154 (clade), 33208 (kingdom), 6072 (clade), 33213 (clade), 33511 (clade), 7711 (phylum), 89593 (subphylum), 7742 (clade), 7776 (clade), 117570 (clade), 117571 (clade), 8287 (superclass), 1338369 (clade), 32523 (clade), 32524 (clade), 40674 (class), 32525 (clade), 9347 (clade), 1437010 (clade), 314146 (superorder), 9443 (order), 376913 (suborder), 314293 (infraorder), 9526 (parvorder), 314295 (superfamily), 9604 (family), 207598 (subfamily), 9605 (genus)	9606	765	299	40	27.821861	2.6586704	80.583984	1545	129	55	35	23	15	6	6	6	6	5	976	149	64	39	30	23	19	14	12	11	10
Q13472	TOP3A_HUMAN	DNA topoisomerase 3-alpha (EC 5.6.2.1) (DNA topoisomerase III alpha)	TOP3A TOP3	Homo sapiens (Human)	1001	4CGY;4CHT;	MIFPVARYALRWLRRPEDRAFSRAAMEMALRGVRKVLCVAEKNDAAKGIADLLSNGRMRRREGLSKFNKIYEFDYHLYGQNVTMVMTSVSGHLLAHDFQMQFRKWQSCNPLVLFEAEIEKYCPENFVDIKKTLERETRQCQALVIWTDCDREGENIGFEIIHVCKAVKPNLQVLRARFSEITPHAVRTACENLTEPDQRVSDAVDVRQELDLRIGAAFTRFQTLRLQRIFPEVLAEQLISYGSCQFPTLGFVVERFKAIQAFVPEIFHRIKVTHDHKDGIVEFNWKRHRLFNHTACLVLYQLCVEDPMATVVEVRSKPKSKWRPQALDTVELEKLASRKLRINAKETMRIAEKLYTQGYISYPRTETNIFPRDLNLTVLVEQQTPDPRWGAFAQSILERGGPTPRNGNKSDQAHPPIHPTKYTNNLQGDEQRLYEFIVRHFLACCSQDAQGQETTVEIDIAQERFVAHGLMILARNYLDVYPYDHWSDKILPVYEQGSHFQPSTVEMVDGETSPPKLLTEADLIALMEKHGIGTDATHAEHIETIKARMYVGLTPDKRFLPGHLGMGLVEGYDSMGYEMSKPDLRAELEADLKLICDGKKDKFVVLRQQVQKYKQVFIEAVAKAKKLDEALAQYFGNGTELAQQEDIYPAMPEPIRKCPQCNKDMVLKTKKNGGFYLSCMGFPECRSAVWLPDSVLEASRDSSVCPVCQPHPVYRLKLKFKRGSLPPTMPLEFVCCIGGCDDTLREILDLRFSGGPPRASQPSGRLQANQSLNRMDNSQHPQPADSRQTGSSKALAQTLPPPTAAGESNSVTCNCGQEAVLLTVRKEGPNRGRQFFKCNGGSCNFFLWADSPNPGAGGPPALAYRPLGASLGCPPGPGIHLGGFGNPGDGSGSGTSCLCSQPSVTRTVQKDGPNKGRQFHTCAKPREQQCGFFQWVDENTAPGTSGAPSWTGDRGRTLESEARSKRPRASSSDMGSTAKKPRKCSLCHQPGHTRPFCPQNR	5.6.2.1	131567 (no rank), 2759 (superkingdom), 33154 (clade), 33208 (kingdom), 6072 (clade), 33213 (clade), 33511 (clade), 7711 (phylum), 89593 (subphylum), 7742 (clade), 7776 (clade), 117570 (clade), 117571 (clade), 8287 (superclass), 1338369 (clade), 32523 (clade), 32524 (clade), 40674 (class), 32525 (clade), 9347 (clade), 1437010 (clade), 314146 (superorder), 9443 (order), 376913 (suborder), 314293 (infraorder), 9526 (parvorder), 314295 (superfamily), 9604 (family), 207598 (subfamily), 9605 (genus)	9606	1001	171	40	27.95605	2.2990074	82.61255	2169	205	78	45	28	15	8	6	5	4	4	1326	234	98	65	50	40	30	23	21	16	13
P11388	TOP2A_HUMAN	DNA topoisomerase 2-alpha (EC 5.6.2.2) (DNA topoisomerase II, alpha isozyme)	TOP2A TOP2	Homo sapiens (Human)	1531	1ZXM;1ZXN;4FM9;4R1F;5GWK;5NNE;6ZY5;6ZY6;6ZY7;6ZY8;	MEVSPLQPVNENMQVNKIKKNEDAKKRLSVERIYQKKTQLEHILLRPDTYIGSVELVTQQMWVYDEDVGINYREVTFVPGLYKIFDEILVNAADNKQRDPKMSCIRVTIDPENNLISIWNNGKGIPVVEHKVEKMYVPALIFGQLLTSSNYDDDEKKVTGGRNGYGAKLCNIFSTKFTVETASREYKKMFKQTWMDNMGRAGEMELKPFNGEDYTCITFQPDLSKFKMQSLDKDIVALMVRRAYDIAGSTKDVKVFLNGNKLPVKGFRSYVDMYLKDKLDETGNSLKVIHEQVNHRWEVCLTMSEKGFQQISFVNSIATSKGGRHVDYVADQIVTKLVDVVKKKNKGGVAVKAHQVKNHMWIFVNALIENPTFDSQTKENMTLQPKSFGSTCQLSEKFIKAAIGCGIVESILNWVKFKAQVQLNKKCSAVKHNRIKGIPKLDDANDAGGRNSTECTLILTEGDSAKTLAVSGLGVVGRDKYGVFPLRGKILNVREASHKQIMENAEINNIIKIVGLQYKKNYEDEDSLKTLRYGKIMIMTDQDQDGSHIKGLLINFIHHNWPSLLRHRFLEEFITPIVKVSKNKQEMAFYSLPEFEEWKSSTPNHKKWKVKYYKGLGTSTSKEAKEYFADMKRHRIQFKYSGPEDDAAISLAFSKKQIDDRKEWLTNFMEDRRQRKLLGLPEDYLYGQTTTYLTYNDFINKELILFSNSDNERSIPSMVDGLKPGQRKVLFTCFKRNDKREVKVAQLAGSVAEMSSYHHGEMSLMMTIINLAQNFVGSNNLNLLQPIGQFGTRLHGGKDSASPRYIFTMLSSLARLLFPPKDDHTLKFLYDDNQRVEPEWYIPIIPMVLINGAEGIGTGWSCKIPNFDVREIVNNIRRLMDGEEPLPMLPSYKNFKGTIEELAPNQYVISGEVAILNSTTIEISELPVRTWTQTYKEQVLEPMLNGTEKTPPLITDYREYHTDTTVKFVVKMTEEKLAEAERVGLHKVFKLQTSLTCNSMVLFDHVGCLKKYDTVLDILRDFFELRLKYYGLRKEWLLGMLGAESAKLNNQARFILEKIDGKIIIENKPKKELIKVLIQRGYDSDPVKAWKEAQQKVPDEEENEESDNEKETEKSDSVTDSGPTFNYLLDMPLWYLTKEKKDELCRLRNEKEQELDTLKRKSPSDLWKEDLATFIEELEAVEAKEKQDEQVGLPGKGGKAKGKKTQMAEVLPSPRGQRVIPRITIEMKAEAEKKNKKKIKNENTEGSPQEDGVELEGLKQRLEKKQKREPGTKTKKQTTLAFKPIKKGKKRNPWSDSESDRSSDESNFDVPPRETEPRRAATKTKFTMDLDSDEDFSDFDEKTDDEDFVPSDASPPKTKTSPKLSNKELKPQKSVVSDLEADDVKGSVPLSSSPPATHFPDETEITNPVPKKNVTVKKTAAKSQSSTSTTGAKKRAAPKGTKRDPALNSGVSQKPDPAKTKNRRKRKPSTSDDSDSNFEKIVSKAVTSKKSKGESDDFHMDFDSAVAPRAKSVRAKKPIKYLEESDEDDLF	5.6.2.2	131567 (no rank), 2759 (superkingdom), 33154 (clade), 33208 (kingdom), 6072 (clade), 33213 (clade), 33511 (clade), 7711 (phylum), 89593 (subphylum), 7742 (clade), 7776 (clade), 117570 (clade), 117571 (clade), 8287 (superclass), 1338369 (clade), 32523 (clade), 32524 (clade), 40674 (class), 32525 (clade), 9347 (clade), 1437010 (clade), 314146 (superorder), 9443 (order), 376913 (suborder), 314293 (infraorder), 9526 (parvorder), 314295 (superfamily), 9604 (family), 207598 (subfamily), 9605 (genus)	9606	1531	305	42	37.07782	2.1787872	75.94421	3288	296	121	75	53	31	18	14	12	9	5	2028	333	165	110	86	68	55	51	38	35	30
Q02880	TOP2B_HUMAN	DNA topoisomerase 2-beta (EC 5.6.2.2) (DNA topoisomerase II, beta isozyme)	TOP2B	Homo sapiens (Human)	1626	3QX3;4G0U;4G0V;4G0W;4J3N;5GWI;5GWJ;5ZAD;5ZEN;5ZQF;5ZRF;7QFN;7QFO;7YQ8;7ZBG;	MAKSGGCGAGAGVGGGNGALTWVTLFDQNNAAKKEESETANKNDSSKKLSVERVYQKKTQLEHILLRPDTYIGSVEPLTQFMWVYDEDVGMNCREVTFVPGLYKIFDEILVNAADNKQRDKNMTCIKVSIDPESNIISIWNNGKGIPVVEHKVEKVYVPALIFGQLLTSSNYDDDEKKVTGGRNGYGAKLCNIFSTKFTVETACKEYKHSFKQTWMNNMMKTSEAKIKHFDGEDYTCITFQPDLSKFKMEKLDKDIVALMTRRAYDLAGSCRGVKVMFNGKKLPVNGFRSYVDLYVKDKLDETGVALKVIHELANERWDVCLTLSEKGFQQISFVNSIATTKGGRHVDYVVDQVVGKLIEVVKKKNKAGVSVKPFQVKNHIWVFINCLIENPTFDSQTKENMTLQPKSFGSKCQLSEKFFKAASNCGIVESILNWVKFKAQTQLNKKCSSVKYSKIKGIPKLDDANDAGGKHSLECTLILTEGDSAKSLAVSGLGVIGRDRYGVFPLRGKILNVREASHKQIMENAEINNIIKIVGLQYKKSYDDAESLKTLRYGKIMIMTDQDQDGSHIKGLLINFIHHNWPSLLKHGFLEEFITPIVKASKNKQELSFYSIPEFDEWKKHIENQKAWKIKYYKGLGTSTAKEAKEYFADMERHRILFRYAGPEDDAAITLAFSKKKIDDRKEWLTNFMEDRRQRRLHGLPEQFLYGTATKHLTYNDFINKELILFSNSDNERSIPSLVDGFKPGQRKVLFTCFKRNDKREVKVAQLAGSVAEMSAYHHGEQALMMTIVNLAQNFVGSNNINLLQPIGQFGTRLHGGKDAASPRYIFTMLSTLARLLFPAVDDNLLKFLYDDNQRVEPEWYIPIIPMVLINGAEGIGTGWACKLPNYDAREIVNNVRRMLDGLDPHPMLPNYKNFKGTIQELGQNQYAVSGEIFVVDRNTVEITELPVRTWTQVYKEQVLEPMLNGTDKTPALISDYKEYHTDTTVKFVVKMTEEKLAQAEAAGLHKVFKLQTTLTCNSMVLFDHMGCLKKYETVQDILKEFFDLRLSYYGLRKEWLVGMLGAESTKLNNQARFILEKIQGKITIENRSKKDLIQMLVQRGYESDPVKAWKEAQEKAAEEDETQNQHDDSSSDSGTPSGPDFNYILNMSLWSLTKEKVEELIKQRDAKGREVNDLKRKSPSDLWKEDLAAFVEELDKVESQEREDVLAGMSGKAIKGKVGKPKVKKLQLEETMPSPYGRRIIPEITAMKADASKKLLKKKKGDLDTAAVKVEFDEEFSGAPVEGAGEEALTPSVPINKGPKPKREKKEPGTRVRKTPTSSGKPSAKKVKKRNPWSDDESKSESDLEETEPVVIPRDSLLRRAAAERPKYTFDFSEEEDDDADDDDDDNNDLEELKVKASPITNDGEDEFVPSDGLDKDEYTFSPGKSKATPEKSLHDKKSQDFGNLFSFPSYSQKSEDDSAKFDSNEEDSASVFSPSFGLKQTDKVPSKTVAAKKGKPSSDTVPKPKRAPKQKKVVEAVNSDSDSEFGIPKKTTTPKGKGRGAKKRKASGSENEGDYNPGRKTSKTTSKKPKKTSFDQDSDVDIFPSDFPTEPPSLPRTGRARKEVKYFAESDEEEDDVDFAMFN	5.6.2.2	131567 (no rank), 2759 (superkingdom), 33154 (clade), 33208 (kingdom), 6072 (clade), 33213 (clade), 33511 (clade), 7711 (phylum), 89593 (subphylum), 7742 (clade), 7776 (clade), 117570 (clade), 117571 (clade), 8287 (superclass), 1338369 (clade), 32523 (clade), 32524 (clade), 40674 (class), 32525 (clade), 9347 (clade), 1437010 (clade), 314146 (superorder), 9443 (order), 376913 (suborder), 314293 (infraorder), 9526 (parvorder), 314295 (superfamily), 9604 (family), 207598 (subfamily), 9605 (genus)	9606	1626	575	50	43.99037	5.9814873	73.60974	3346	304	134	86	56	36	21	15	14	14	13	2075	330	166	107	86	67	56	48	44	36	30
